Region,Metric,Value,Date,Table Name,FVI,Duration Frequency Below 49.7 (s),Duration Frequency 49.7-49.8 (s),Duration Frequency 49.8-49.9 (s),Duration Frequency Below 49.9 (s),Duration Frequency 49.9-50.05 (s),Duration Frequency Above 50.05 (s),States,Maximum Demand (MW),Shortage (MW),Energy Met (MU),Drawal Schedule (MU),OD(+)/UD(-) (MU),Max OD (MW),Energy Shortage (MU),Country,Based on Regional Max Demands,1.018,Period,Max Demand Met(MW),Shortage(MW),Line Details,Max Import (MW),Max Export (MW),Import (MU),Export (MU),NET (MU),GNA,Bilateral,Total,TIME,FREQUENCY (Hz),DEMAND MET (MW),NUCLEAR (MW),WIND (MW),SOLAR (MW),HYDRO (MW),GAS (MW),THERMAL (MW),OTHERS* (MW),NET DEMAND MET (MW),TOTAL GENERATION (MW),"NET TRANSNATIONAL EXCHANGE (MW) (+ve) Import, (-ve) Export"
NR,"Demand Met during Evening Peak hrs(MW) (at19:00 hrs; from RLDCs)",58663.0,12/17/2024,page_2_table_0,,,,,,,,,,,,,,,,,,,,,,,,,,,,,,,,,,,,,,,,,,,
WR,"Demand Met during Evening Peak hrs(MW) (at19:00 hrs; from RLDCs)",63359.0,12/17/2024,page_2_table_0,,,,,,,,,,,,,,,,,,,,,,,,,,,,,,,,,,,,,,,,,,,
SR,"Demand Met during Evening Peak hrs(MW) (at19:00 hrs; from RLDCs)",43038.0,12/17/2024,page_2_table_0,,,,,,,,,,,,,,,,,,,,,,,,,,,,,,,,,,,,,,,,,,,
ER,"Demand Met during Evening Peak hrs(MW) (at19:00 hrs; from RLDCs)",21187.0,12/17/2024,page_2_table_0,,,,,,,,,,,,,,,,,,,,,,,,,,,,,,,,,,,,,,,,,,,
NER,"Demand Met during Evening Peak hrs(MW) (at19:00 hrs; from RLDCs)",2628.0,12/17/2024,page_2_table_0,,,,,,,,,,,,,,,,,,,,,,,,,,,,,,,,,,,,,,,,,,,
TOTAL,"Demand Met during Evening Peak hrs(MW) (at19:00 hrs; from RLDCs)",188875.0,12/17/2024,page_2_table_0,,,,,,,,,,,,,,,,,,,,,,,,,,,,,,,,,,,,,,,,,,,
NR,Peak Shortage (MW),0.0,12/17/2024,page_2_table_0,,,,,,,,,,,,,,,,,,,,,,,,,,,,,,,,,,,,,,,,,,,
WR,Peak Shortage (MW),0.0,12/17/2024,page_2_table_0,,,,,,,,,,,,,,,,,,,,,,,,,,,,,,,,,,,,,,,,,,,
SR,Peak Shortage (MW),0.0,12/17/2024,page_2_table_0,,,,,,,,,,,,,,,,,,,,,,,,,,,,,,,,,,,,,,,,,,,
ER,Peak Shortage (MW),0.0,12/17/2024,page_2_table_0,,,,,,,,,,,,,,,,,,,,,,,,,,,,,,,,,,,,,,,,,,,
NER,Peak Shortage (MW),0.0,12/17/2024,page_2_table_0,,,,,,,,,,,,,,,,,,,,,,,,,,,,,,,,,,,,,,,,,,,
TOTAL,Peak Shortage (MW),0.0,12/17/2024,page_2_table_0,,,,,,,,,,,,,,,,,,,,,,,,,,,,,,,,,,,,,,,,,,,
NR,Energy Met (MU),1249.0,12/17/2024,page_2_table_0,,,,,,,,,,,,,,,,,,,,,,,,,,,,,,,,,,,,,,,,,,,
WR,Energy Met (MU),1492.0,12/17/2024,page_2_table_0,,,,,,,,,,,,,,,,,,,,,,,,,,,,,,,,,,,,,,,,,,,
SR,Energy Met (MU),1080.0,12/17/2024,page_2_table_0,,,,,,,,,,,,,,,,,,,,,,,,,,,,,,,,,,,,,,,,,,,
ER,Energy Met (MU),429.0,12/17/2024,page_2_table_0,,,,,,,,,,,,,,,,,,,,,,,,,,,,,,,,,,,,,,,,,,,
NER,Energy Met (MU),49.0,12/17/2024,page_2_table_0,,,,,,,,,,,,,,,,,,,,,,,,,,,,,,,,,,,,,,,,,,,
TOTAL,Energy Met (MU),4298.0,12/17/2024,page_2_table_0,,,,,,,,,,,,,,,,,,,,,,,,,,,,,,,,,,,,,,,,,,,
NR,Hydro Gen (MU),117.0,12/17/2024,page_2_table_0,,,,,,,,,,,,,,,,,,,,,,,,,,,,,,,,,,,,,,,,,,,
WR,Hydro Gen (MU),47.0,12/17/2024,page_2_table_0,,,,,,,,,,,,,,,,,,,,,,,,,,,,,,,,,,,,,,,,,,,
SR,Hydro Gen (MU),90.0,12/17/2024,page_2_table_0,,,,,,,,,,,,,,,,,,,,,,,,,,,,,,,,,,,,,,,,,,,
ER,Hydro Gen (MU),18.0,12/17/2024,page_2_table_0,,,,,,,,,,,,,,,,,,,,,,,,,,,,,,,,,,,,,,,,,,,
NER,Hydro Gen (MU),14.0,12/17/2024,page_2_table_0,,,,,,,,,,,,,,,,,,,,,,,,,,,,,,,,,,,,,,,,,,,
TOTAL,Hydro Gen (MU),284.0,12/17/2024,page_2_table_0,,,,,,,,,,,,,,,,,,,,,,,,,,,,,,,,,,,,,,,,,,,
NR,Wind Gen (MU),21.0,12/17/2024,page_2_table_0,,,,,,,,,,,,,,,,,,,,,,,,,,,,,,,,,,,,,,,,,,,
WR,Wind Gen (MU),111.0,12/17/2024,page_2_table_0,,,,,,,,,,,,,,,,,,,,,,,,,,,,,,,,,,,,,,,,,,,
SR,Wind Gen (MU),19.0,12/17/2024,page_2_table_0,,,,,,,,,,,,,,,,,,,,,,,,,,,,,,,,,,,,,,,,,,,
ER,Wind Gen (MU),0.0,12/17/2024,page_2_table_0,,,,,,,,,,,,,,,,,,,,,,,,,,,,,,,,,,,,,,,,,,,
NER,Wind Gen (MU),0.0,12/17/2024,page_2_table_0,,,,,,,,,,,,,,,,,,,,,,,,,,,,,,,,,,,,,,,,,,,
TOTAL,Wind Gen (MU),151.0,12/17/2024,page_2_table_0,,,,,,,,,,,,,,,,,,,,,,,,,,,,,,,,,,,,,,,,,,,
NR,Solar Gen (MU)*,151.06,12/17/2024,page_2_table_0,,,,,,,,,,,,,,,,,,,,,,,,,,,,,,,,,,,,,,,,,,,
WR,Solar Gen (MU)*,98.32,12/17/2024,page_2_table_0,,,,,,,,,,,,,,,,,,,,,,,,,,,,,,,,,,,,,,,,,,,
SR,Solar Gen (MU)*,124.06,12/17/2024,page_2_table_0,,,,,,,,,,,,,,,,,,,,,,,,,,,,,,,,,,,,,,,,,,,
ER,Solar Gen (MU)*,3.22,12/17/2024,page_2_table_0,,,,,,,,,,,,,,,,,,,,,,,,,,,,,,,,,,,,,,,,,,,
NER,Solar Gen (MU)*,1.23,12/17/2024,page_2_table_0,,,,,,,,,,,,,,,,,,,,,,,,,,,,,,,,,,,,,,,,,,,
TOTAL,Solar Gen (MU)*,378.0,12/17/2024,page_2_table_0,,,,,,,,,,,,,,,,,,,,,,,,,,,,,,,,,,,,,,,,,,,
NR,Energy Shortage (MU),1.42,12/17/2024,page_2_table_0,,,,,,,,,,,,,,,,,,,,,,,,,,,,,,,,,,,,,,,,,,,
WR,Energy Shortage (MU),0.0,12/17/2024,page_2_table_0,,,,,,,,,,,,,,,,,,,,,,,,,,,,,,,,,,,,,,,,,,,
SR,Energy Shortage (MU),0.0,12/17/2024,page_2_table_0,,,,,,,,,,,,,,,,,,,,,,,,,,,,,,,,,,,,,,,,,,,
ER,Energy Shortage (MU),0.22,12/17/2024,page_2_table_0,,,,,,,,,,,,,,,,,,,,,,,,,,,,,,,,,,,,,,,,,,,
NER,Energy Shortage (MU),0.0,12/17/2024,page_2_table_0,,,,,,,,,,,,,,,,,,,,,,,,,,,,,,,,,,,,,,,,,,,
TOTAL,Energy Shortage (MU),1.64,12/17/2024,page_2_table_0,,,,,,,,,,,,,,,,,,,,,,,,,,,,,,,,,,,,,,,,,,,
NR,"Maximum Demand Met During the Day (MW)(From NLDC SCADA)",67817.0,12/17/2024,page_2_table_0,,,,,,,,,,,,,,,,,,,,,,,,,,,,,,,,,,,,,,,,,,,
WR,"Maximum Demand Met During the Day (MW)(From NLDC SCADA)",75025.0,12/17/2024,page_2_table_0,,,,,,,,,,,,,,,,,,,,,,,,,,,,,,,,,,,,,,,,,,,
SR,"Maximum Demand Met During the Day (MW)(From NLDC SCADA)",53695.0,12/17/2024,page_2_table_0,,,,,,,,,,,,,,,,,,,,,,,,,,,,,,,,,,,,,,,,,,,
ER,"Maximum Demand Met During the Day (MW)(From NLDC SCADA)",21992.0,12/17/2024,page_2_table_0,,,,,,,,,,,,,,,,,,,,,,,,,,,,,,,,,,,,,,,,,,,
NER,"Maximum Demand Met During the Day (MW)(From NLDC SCADA)",2794.0,12/17/2024,page_2_table_0,,,,,,,,,,,,,,,,,,,,,,,,,,,,,,,,,,,,,,,,,,,
TOTAL,"Maximum Demand Met During the Day (MW)(From NLDC SCADA)",217258.0,12/17/2024,page_2_table_0,,,,,,,,,,,,,,,,,,,,,,,,,,,,,,,,,,,,,,,,,,,
All India,,,12/17/2024,page_2_table_1,0.069,1.62,2.25,3.73,7.59,71.6,20.81,,,,,,,,,,,,,,,,,,,,,,,,,,,,,,,,,,,,
NR,,,12/17/2024,page_2_table_2,,,,,,,,Punjab,9295.0,0.0,164.3,70.0,-1.2,472.0,0.0,,,,,,,,,,,,,,,,,,,,,,,,,,,,
nan,,,12/17/2024,page_2_table_2,,,,,,,,Haryana,9126.0,0.0,168.0,112.0,-1.3,518.0,0.0,,,,,,,,,,,,,,,,,,,,,,,,,,,,
nan,,,12/17/2024,page_2_table_2,,,,,,,,Rajasthan,18230.0,0.0,339.2,124.5,0.1,699.0,0.0,,,,,,,,,,,,,,,,,,,,,,,,,,,,
nan,,,12/17/2024,page_2_table_2,,,,,,,,Delhi,4411.0,0.0,78.2,77.9,-1.9,396.0,0.0,,,,,,,,,,,,,,,,,,,,,,,,,,,,
nan,,,12/17/2024,page_2_table_2,,,,,,,,UP,19894.0,0.0,342.1,111.5,-2.0,288.0,0.0,,,,,,,,,,,,,,,,,,,,,,,,,,,,
nan,,,12/17/2024,page_2_table_2,,,,,,,,Uttarakhand,2477.0,0.0,45.8,34.7,0.6,118.0,0.0,,,,,,,,,,,,,,,,,,,,,,,,,,,,
nan,,,12/17/2024,page_2_table_2,,,,,,,,HP,2152.0,0.0,39.5,32.7,-2.9,17.0,0.0,,,,,,,,,,,,,,,,,,,,,,,,,,,,
nan,,,12/17/2024,page_2_table_2,,,,,,,,J&K(UT) & Ladakh(UT),3140.0,0.0,63.8,58.2,0.2,565.0,1.42,,,,,,,,,,,,,,,,,,,,,,,,,,,,
nan,,,12/17/2024,page_2_table_2,,,,,,,,Chandigarh,256.0,0.0,4.3,4.6,-0.3,49.0,0.0,,,,,,,,,,,,,,,,,,,,,,,,,,,,
nan,,,12/17/2024,page_2_table_2,,,,,,,,RailwaysNR ISTS,211.0,0.0,4.0,3.8,0.2,44.0,0.0,,,,,,,,,,,,,,,,,,,,,,,,,,,,
WR,,,12/17/2024,page_2_table_2,,,,,,,,Chhattisgarh,4926.0,0.0,98.2,41.5,0.1,505.0,0.0,,,,,,,,,,,,,,,,,,,,,,,,,,,,
nan,,,12/17/2024,page_2_table_2,,,,,,,,Gujarat,21505.0,0.0,406.8,205.5,-6.3,638.0,0.0,,,,,,,,,,,,,,,,,,,,,,,,,,,,
nan,,,12/17/2024,page_2_table_2,,,,,,,,MP,18663.0,0.0,342.3,209.6,-3.1,543.0,0.0,,,,,,,,,,,,,,,,,,,,,,,,,,,,
nan,,,12/17/2024,page_2_table_2,,,,,,,,Maharashtra,27393.0,0.0,568.4,202.6,2.7,934.0,0.0,,,,,,,,,,,,,,,,,,,,,,,,,,,,
nan,,,12/17/2024,page_2_table_2,,,,,,,,Goa,693.0,0.0,13.8,13.4,0.1,56.0,0.0,,,,,,,,,,,,,,,,,,,,,,,,,,,,
nan,,,12/17/2024,page_2_table_2,,,,,,,,DNHDDPDCL,1320.0,0.0,30.2,30.2,0.0,43.0,0.0,,,,,,,,,,,,,,,,,,,,,,,,,,,,
nan,,,12/17/2024,page_2_table_2,,,,,,,,AMNSIL,757.0,0.0,17.2,7.8,0.5,322.0,0.0,,,,,,,,,,,,,,,,,,,,,,,,,,,,
nan,,,12/17/2024,page_2_table_2,,,,,,,,BALCO,528.0,0.0,12.6,12.7,-0.1,9.0,0.0,,,,,,,,,,,,,,,,,,,,,,,,,,,,
nan,,,12/17/2024,page_2_table_2,,,,,,,,RIL JAMNAGAR,91.0,0.0,2.0,1.9,0.1,0.0,0.0,,,,,,,,,,,,,,,,,,,,,,,,,,,,
SR,,,12/17/2024,page_2_table_2,,,,,,,,Andhra Pradesh,10317.0,0.0,194.7,55.8,0.3,539.0,0.0,,,,,,,,,,,,,,,,,,,,,,,,,,,,
nan,,,12/17/2024,page_2_table_2,,,,,,,,Telangana,13266.0,0.0,252.7,149.2,-0.8,780.0,0.0,,,,,,,,,,,,,,,,,,,,,,,,,,,,
nan,,,12/17/2024,page_2_table_2,,,,,,,,Karnataka,14074.0,0.0,248.9,65.4,1.6,718.0,0.0,,,,,,,,,,,,,,,,,,,,,,,,,,,,
nan,,,12/17/2024,page_2_table_2,,,,,,,,Kerala,4234.0,0.0,81.4,65.3,0.9,369.0,0.0,,,,,,,,,,,,,,,,,,,,,,,,,,,,
nan,,,12/17/2024,page_2_table_2,,,,,,,,Tamil Nadu,15002.0,0.0,293.2,178.5,-1.7,1176.0,0.0,,,,,,,,,,,,,,,,,,,,,,,,,,,,
nan,,,12/17/2024,page_2_table_2,,,,,,,,Puducherry,414.0,0.0,8.7,8.6,-0.2,50.0,0.0,,,,,,,,,,,,,,,,,,,,,,,,,,,,
ER,,,12/17/2024,page_2_table_2,,,,,,,,Bihar,4989.0,0.0,92.2,83.7,1.7,343.0,0.07,,,,,,,,,,,,,,,,,,,,,,,,,,,,
nan,,,12/17/2024,page_2_table_2,,,,,,,,DVC,3370.0,0.0,69.1,-41.6,0.1,315.0,0.0,,,,,,,,,,,,,,,,,,,,,,,,,,,,
nan,,,12/17/2024,page_2_table_2,,,,,,,,Jharkhand,2065.0,0.0,38.7,27.4,-0.1,269.0,0.14,,,,,,,,,,,,,,,,,,,,,,,,,,,,
nan,,,12/17/2024,page_2_table_2,,,,,,,,Odisha,4679.0,0.0,85.7,18.8,-1.9,337.0,0.0,,,,,,,,,,,,,,,,,,,,,,,,,,,,
nan,,,12/17/2024,page_2_table_2,,,,,,,,West Bengal,7044.0,0.0,141.5,8.3,-0.9,187.0,0.0,,,,,,,,,,,,,,,,,,,,,,,,,,,,
nan,,,12/17/2024,page_2_table_2,,,,,,,,Sikkim,113.0,0.0,1.7,1.6,0.1,43.0,0.0,,,,,,,,,,,,,,,,,,,,,,,,,,,,
nan,,,12/17/2024,page_2_table_2,,,,,,,,RailwaysER ISTS,15.0,0.0,0.2,0.1,0.1,6.0,0.0,,,,,,,,,,,,,,,,,,,,,,,,,,,,
NER,,,12/17/2024,page_2_table_2,,,,,,,,Arunachal Pradesh,170.0,0.0,3.0,2.8,0.0,40.0,0.0,,,,,,,,,,,,,,,,,,,,,,,,,,,,
Assam,,,12/17/2024,page_2_table_2,,,,,,,,1536,0.0,26.6,19.1,0.4,183.0,0.0,,,,,,,,,,,,,,,,,,,,,,,,,,,,,
Manipur,,,12/17/2024,page_2_table_2,,,,,,,,243,0.0,3.8,3.7,0.1,37.0,0.0,,,,,,,,,,,,,,,,,,,,,,,,,,,,,
Meghalaya,,,12/17/2024,page_2_table_2,,,,,,,,353,0.0,6.4,5.6,-0.3,52.0,0.0,,,,,,,,,,,,,,,,,,,,,,,,,,,,,
Mizoram,,,12/17/2024,page_2_table_2,,,,,,,,143,0.0,2.2,1.8,-0.3,8.0,0.0,,,,,,,,,,,,,,,,,,,,,,,,,,,,,
Nagaland,,,12/17/2024,page_2_table_2,,,,,,,,159,0.0,2.5,2.4,0.0,28.0,0.0,,,,,,,,,,,,,,,,,,,,,,,,,,,,,
Tripura,,,12/17/2024,page_2_table_2,,,,,,,,234,0.0,4.5,3.3,0.4,39.0,0.0,,,,,,,,,,,,,,,,,,,,,,,,,,,,,
,Actual (MU),-6.1,12/17/2024,page_2_table_3,,,,,,,,,,,,,,,,Bhutan,,,,,,,,,,,,,,,,,,,,,,,,,,,
,Actual (MU),2.4,12/17/2024,page_2_table_3,,,,,,,,,,,,,,,,Nepal,,,,,,,,,,,,,,,,,,,,,,,,,,,
,Actual (MU),-21.9,12/17/2024,page_2_table_3,,,,,,,,,,,,,,,,Bangladesh,,,,,,,,,,,,,,,,,,,,,,,,,,,
,Actual (MU),-13.9,12/17/2024,page_2_table_3,,,,,,,,,,,,,,,,Godda -> Bangladesh,,,,,,,,,,,,,,,,,,,,,,,,,,,
,Day Peak (MW),-414.0,12/17/2024,page_2_table_3,,,,,,,,,,,,,,,,Bhutan,,,,,,,,,,,,,,,,,,,,,,,,,,,
,Day Peak (MW),-263.0,12/17/2024,page_2_table_3,,,,,,,,,,,,,,,,Nepal,,,,,,,,,,,,,,,,,,,,,,,,,,,
,Day Peak (MW),-992.0,12/17/2024,page_2_table_3,,,,,,,,,,,,,,,,Bangladesh,,,,,,,,,,,,,,,,,,,,,,,,,,,
,Day Peak (MW),-771.0,12/17/2024,page_2_table_3,,,,,,,,,,,,,,,,Godda -> Bangladesh,,,,,,,,,,,,,,,,,,,,,,,,,,,
NR,Schedule(MU),249.1,12/17/2024,page_2_table_4,,,,,,,,,,,,,,,,,,,,,,,,,,,,,,,,,,,,,,,,,,,
WR,Schedule(MU),-233.2,12/17/2024,page_2_table_4,,,,,,,,,,,,,,,,,,,,,,,,,,,,,,,,,,,,,,,,,,,
SR,Schedule(MU),162.3,12/17/2024,page_2_table_4,,,,,,,,,,,,,,,,,,,,,,,,,,,,,,,,,,,,,,,,,,,
ER,Schedule(MU),-182.9,12/17/2024,page_2_table_4,,,,,,,,,,,,,,,,,,,,,,,,,,,,,,,,,,,,,,,,,,,
NER,Schedule(MU),4.7,12/17/2024,page_2_table_4,,,,,,,,,,,,,,,,,,,,,,,,,,,,,,,,,,,,,,,,,,,
TOTAL,Schedule(MU),0.0,12/17/2024,page_2_table_4,,,,,,,,,,,,,,,,,,,,,,,,,,,,,,,,,,,,,,,,,,,
NR,Actual(MU),238.0,12/17/2024,page_2_table_4,,,,,,,,,,,,,,,,,,,,,,,,,,,,,,,,,,,,,,,,,,,
WR,Actual(MU),-245.0,12/17/2024,page_2_table_4,,,,,,,,,,,,,,,,,,,,,,,,,,,,,,,,,,,,,,,,,,,
SR,Actual(MU),172.1,12/17/2024,page_2_table_4,,,,,,,,,,,,,,,,,,,,,,,,,,,,,,,,,,,,,,,,,,,
ER,Actual(MU),-178.1,12/17/2024,page_2_table_4,,,,,,,,,,,,,,,,,,,,,,,,,,,,,,,,,,,,,,,,,,,
NER,Actual(MU),3.5,12/17/2024,page_2_table_4,,,,,,,,,,,,,,,,,,,,,,,,,,,,,,,,,,,,,,,,,,,
TOTAL,Actual(MU),-9.4,12/17/2024,page_2_table_4,,,,,,,,,,,,,,,,,,,,,,,,,,,,,,,,,,,,,,,,,,,
NR,O/D/U/D(MU),-11.1,12/17/2024,page_2_table_4,,,,,,,,,,,,,,,,,,,,,,,,,,,,,,,,,,,,,,,,,,,
WR,O/D/U/D(MU),-11.8,12/17/2024,page_2_table_4,,,,,,,,,,,,,,,,,,,,,,,,,,,,,,,,,,,,,,,,,,,
SR,O/D/U/D(MU),9.9,12/17/2024,page_2_table_4,,,,,,,,,,,,,,,,,,,,,,,,,,,,,,,,,,,,,,,,,,,
ER,O/D/U/D(MU),4.8,12/17/2024,page_2_table_4,,,,,,,,,,,,,,,,,,,,,,,,,,,,,,,,,,,,,,,,,,,
NER,O/D/U/D(MU),-1.2,12/17/2024,page_2_table_4,,,,,,,,,,,,,,,,,,,,,,,,,,,,,,,,,,,,,,,,,,,
TOTAL,O/D/U/D(MU),-9.4,12/17/2024,page_2_table_4,,,,,,,,,,,,,,,,,,,,,,,,,,,,,,,,,,,,,,,,,,,
NR,Central Sector,3897.0,12/17/2024,page_2_table_5,,,,,,,,,,,,,,,,,,,,,,,,,,,,,,,,,,,,,,,,,,,
WR,Central Sector,6844.0,12/17/2024,page_2_table_5,,,,,,,,,,,,,,,,,,,,,,,,,,,,,,,,,,,,,,,,,,,
SR,Central Sector,7398.0,12/17/2024,page_2_table_5,,,,,,,,,,,,,,,,,,,,,,,,,,,,,,,,,,,,,,,,,,,
ER,Central Sector,4838.0,12/17/2024,page_2_table_5,,,,,,,,,,,,,,,,,,,,,,,,,,,,,,,,,,,,,,,,,,,
NER,Central Sector,518.0,12/17/2024,page_2_table_5,,,,,,,,,,,,,,,,,,,,,,,,,,,,,,,,,,,,,,,,,,,
TOTAL,Central Sector,23494.0,12/17/2024,page_2_table_5,,,,,,,,,,,,,,,,,,,,,,,,,,,,,,,,,,,,,,,,,,,
NR,State Sector,7338.0,12/17/2024,page_2_table_5,,,,,,,,,,,,,,,,,,,,,,,,,,,,,,,,,,,,,,,,,,,
WR,State Sector,14223.0,12/17/2024,page_2_table_5,,,,,,,,,,,,,,,,,,,,,,,,,,,,,,,,,,,,,,,,,,,
SR,State Sector,7374.0,12/17/2024,page_2_table_5,,,,,,,,,,,,,,,,,,,,,,,,,,,,,,,,,,,,,,,,,,,
ER,State Sector,2419.0,12/17/2024,page_2_table_5,,,,,,,,,,,,,,,,,,,,,,,,,,,,,,,,,,,,,,,,,,,
NER,State Sector,191.0,12/17/2024,page_2_table_5,,,,,,,,,,,,,,,,,,,,,,,,,,,,,,,,,,,,,,,,,,,
TOTAL,State Sector,31544.0,12/17/2024,page_2_table_5,,,,,,,,,,,,,,,,,,,,,,,,,,,,,,,,,,,,,,,,,,,
NR,Total,11235.0,12/17/2024,page_2_table_5,,,,,,,,,,,,,,,,,,,,,,,,,,,,,,,,,,,,,,,,,,,
WR,Total,21066.0,12/17/2024,page_2_table_5,,,,,,,,,,,,,,,,,,,,,,,,,,,,,,,,,,,,,,,,,,,
SR,Total,14772.0,12/17/2024,page_2_table_5,,,,,,,,,,,,,,,,,,,,,,,,,,,,,,,,,,,,,,,,,,,
ER,Total,7257.0,12/17/2024,page_2_table_5,,,,,,,,,,,,,,,,,,,,,,,,,,,,,,,,,,,,,,,,,,,
NER,Total,709.0,12/17/2024,page_2_table_5,,,,,,,,,,,,,,,,,,,,,,,,,,,,,,,,,,,,,,,,,,,
TOTAL,Total,55038.0,12/17/2024,page_2_table_5,,,,,,,,,,,,,,,,,,,,,,,,,,,,,,,,,,,,,,,,,,,
NR,Coal,716.0,12/17/2024,page_2_table_6,,,,,,,,,,,,,,,,,,,,,,,,,,,,,,,,,,,,,,,,,,,
WR,Coal,1499.0,12/17/2024,page_2_table_6,,,,,,,,,,,,,,,,,,,,,,,,,,,,,,,,,,,,,,,,,,,
SR,Coal,614.0,12/17/2024,page_2_table_6,,,,,,,,,,,,,,,,,,,,,,,,,,,,,,,,,,,,,,,,,,,
ER,Coal,665.0,12/17/2024,page_2_table_6,,,,,,,,,,,,,,,,,,,,,,,,,,,,,,,,,,,,,,,,,,,
NER,Coal,10.0,12/17/2024,page_2_table_6,,,,,,,,,,,,,,,,,,,,,,,,,,,,,,,,,,,,,,,,,,,
TOTAL,Coal,3503.0,12/17/2024,page_2_table_6,,,,,,,,,,,,,,,,,,,,,,,,,,,,,,,,,,,,,,,,,,,
NR,Lignite,26.0,12/17/2024,page_2_table_6,,,,,,,,,,,,,,,,,,,,,,,,,,,,,,,,,,,,,,,,,,,
WR,Lignite,7.0,12/17/2024,page_2_table_6,,,,,,,,,,,,,,,,,,,,,,,,,,,,,,,,,,,,,,,,,,,
SR,Lignite,28.0,12/17/2024,page_2_table_6,,,,,,,,,,,,,,,,,,,,,,,,,,,,,,,,,,,,,,,,,,,
ER,Lignite,0.0,12/17/2024,page_2_table_6,,,,,,,,,,,,,,,,,,,,,,,,,,,,,,,,,,,,,,,,,,,
NER,Lignite,0.0,12/17/2024,page_2_table_6,,,,,,,,,,,,,,,,,,,,,,,,,,,,,,,,,,,,,,,,,,,
TOTAL,Lignite,61.0,12/17/2024,page_2_table_6,,,,,,,,,,,,,,,,,,,,,,,,,,,,,,,,,,,,,,,,,,,
NR,Hydro,117.0,12/17/2024,page_2_table_6,,,,,,,,,,,,,,,,,,,,,,,,,,,,,,,,,,,,,,,,,,,
WR,Hydro,47.0,12/17/2024,page_2_table_6,,,,,,,,,,,,,,,,,,,,,,,,,,,,,,,,,,,,,,,,,,,
SR,Hydro,90.0,12/17/2024,page_2_table_6,,,,,,,,,,,,,,,,,,,,,,,,,,,,,,,,,,,,,,,,,,,
ER,Hydro,18.0,12/17/2024,page_2_table_6,,,,,,,,,,,,,,,,,,,,,,,,,,,,,,,,,,,,,,,,,,,
NER,Hydro,14.0,12/17/2024,page_2_table_6,,,,,,,,,,,,,,,,,,,,,,,,,,,,,,,,,,,,,,,,,,,
TOTAL,Hydro,284.0,12/17/2024,page_2_table_6,,,,,,,,,,,,,,,,,,,,,,,,,,,,,,,,,,,,,,,,,,,
NR,Nuclear,32.0,12/17/2024,page_2_table_6,,,,,,,,,,,,,,,,,,,,,,,,,,,,,,,,,,,,,,,,,,,
WR,Nuclear,68.0,12/17/2024,page_2_table_6,,,,,,,,,,,,,,,,,,,,,,,,,,,,,,,,,,,,,,,,,,,
SR,Nuclear,70.0,12/17/2024,page_2_table_6,,,,,,,,,,,,,,,,,,,,,,,,,,,,,,,,,,,,,,,,,,,
ER,Nuclear,0.0,12/17/2024,page_2_table_6,,,,,,,,,,,,,,,,,,,,,,,,,,,,,,,,,,,,,,,,,,,
NER,Nuclear,0.0,12/17/2024,page_2_table_6,,,,,,,,,,,,,,,,,,,,,,,,,,,,,,,,,,,,,,,,,,,
TOTAL,Nuclear,169.0,12/17/2024,page_2_table_6,,,,,,,,,,,,,,,,,,,,,,,,,,,,,,,,,,,,,,,,,,,
NR,"Gas, Naptha & Diesel",10.0,12/17/2024,page_2_table_6,,,,,,,,,,,,,,,,,,,,,,,,,,,,,,,,,,,,,,,,,,,
WR,"Gas, Naptha & Diesel",23.0,12/17/2024,page_2_table_6,,,,,,,,,,,,,,,,,,,,,,,,,,,,,,,,,,,,,,,,,,,
SR,"Gas, Naptha & Diesel",4.0,12/17/2024,page_2_table_6,,,,,,,,,,,,,,,,,,,,,,,,,,,,,,,,,,,,,,,,,,,
ER,"Gas, Naptha & Diesel",0.0,12/17/2024,page_2_table_6,,,,,,,,,,,,,,,,,,,,,,,,,,,,,,,,,,,,,,,,,,,
NER,"Gas, Naptha & Diesel",25.0,12/17/2024,page_2_table_6,,,,,,,,,,,,,,,,,,,,,,,,,,,,,,,,,,,,,,,,,,,
TOTAL,"Gas, Naptha & Diesel",61.0,12/17/2024,page_2_table_6,,,,,,,,,,,,,,,,,,,,,,,,,,,,,,,,,,,,,,,,,,,
NR,"RES (Wind, Solar, Biomass & Others)",198.0,12/17/2024,page_2_table_6,,,,,,,,,,,,,,,,,,,,,,,,,,,,,,,,,,,,,,,,,,,
WR,"RES (Wind, Solar, Biomass & Others)",212.0,12/17/2024,page_2_table_6,,,,,,,,,,,,,,,,,,,,,,,,,,,,,,,,,,,,,,,,,,,
SR,"RES (Wind, Solar, Biomass & Others)",171.0,12/17/2024,page_2_table_6,,,,,,,,,,,,,,,,,,,,,,,,,,,,,,,,,,,,,,,,,,,
ER,"RES (Wind, Solar, Biomass & Others)",6.0,12/17/2024,page_2_table_6,,,,,,,,,,,,,,,,,,,,,,,,,,,,,,,,,,,,,,,,,,,
NER,"RES (Wind, Solar, Biomass & Others)",1.0,12/17/2024,page_2_table_6,,,,,,,,,,,,,,,,,,,,,,,,,,,,,,,,,,,,,,,,,,,
TOTAL,"RES (Wind, Solar, Biomass & Others)",587.0,12/17/2024,page_2_table_6,,,,,,,,,,,,,,,,,,,,,,,,,,,,,,,,,,,,,,,,,,,
NR,Total,1098.0,12/17/2024,page_2_table_6,,,,,,,,,,,,,,,,,,,,,,,,,,,,,,,,,,,,,,,,,,,
WR,Total,1854.0,12/17/2024,page_2_table_6,,,,,,,,,,,,,,,,,,,,,,,,,,,,,,,,,,,,,,,,,,,
SR,Total,975.0,12/17/2024,page_2_table_6,,,,,,,,,,,,,,,,,,,,,,,,,,,,,,,,,,,,,,,,,,,
ER,Total,689.0,12/17/2024,page_2_table_6,,,,,,,,,,,,,,,,,,,,,,,,,,,,,,,,,,,,,,,,,,,
NER,Total,49.0,12/17/2024,page_2_table_6,,,,,,,,,,,,,,,,,,,,,,,,,,,,,,,,,,,,,,,,,,,
TOTAL,Total,4666.0,12/17/2024,page_2_table_6,,,,,,,,,,,,,,,,,,,,,,,,,,,,,,,,,,,,,,,,,,,
,"Share of Non-fossil fuel (Hydro,Nuclear and RES) intotal generation(%)",31.54,12/17/2024,page_2_table_7,,,,,,,,,,,,,,,,,,,,,,,,,,,,,,,,,,,,,,,,,,,
,,,12/17/2024,page_2_table_8,,,,,,,,,,,,,,,,,Based on State Max Demands,1.047,,,,,,,,,,,,,,,,,,,,,,,,,
,,,12/17/2024,page_2_table_9,,,,,,,,,,,,,,,,,,,Solar hr,217258.0,343.0,,,,,,,,,,,,,,,,,,,,,,
,,,12/17/2024,page_2_table_9,,,,,,,,,,,,,,,,,,,Non-Solar hr,199312.0,0.0,,,,,,,,,,,,,,,,,,,,,,
,,,12/17/2024,page_3_table_0,,,,,,,,,,,,,,,,,,,,,,nan,,,,,,,,,,,,,,,,,,,,,
,,,12/17/2024,page_3_table_0,,,,,,,,,,,,,,,,,,,,,,ALIPURDUAR-AGRA,0.0,0.0,0.0,0.0,0.0,,,,,,,,,,,,,,,,
,,,12/17/2024,page_3_table_0,,,,,,,,,,,,,,,,,,,,,,PUSAULI  B/B,0.0,249.0,0.0,6.1,-6.1,,,,,,,,,,,,,,,,
,,,12/17/2024,page_3_table_0,,,,,,,,,,,,,,,,,,,,,,GAYA-VARANASI,0.0,1145.0,0.0,15.3,-15.3,,,,,,,,,,,,,,,,
,,,12/17/2024,page_3_table_0,,,,,,,,,,,,,,,,,,,,,,SASARAM-FATEHPUR,0.0,555.0,0.0,5.9,-5.9,,,,,,,,,,,,,,,,
,,,12/17/2024,page_3_table_0,,,,,,,,,,,,,,,,,,,,,,GAYA-BALIA,0.0,699.0,0.0,12.6,-12.6,,,,,,,,,,,,,,,,
,,,12/17/2024,page_3_table_0,,,,,,,,,,,,,,,,,,,,,,PUSAULI-VARANASI,0.0,178.0,0.0,3.6,-3.6,,,,,,,,,,,,,,,,
,,,12/17/2024,page_3_table_0,,,,,,,,,,,,,,,,,,,,,,PUSAULI -ALLAHABAD,0.0,127.0,0.0,2.4,-2.4,,,,,,,,,,,,,,,,
,,,12/17/2024,page_3_table_0,,,,,,,,,,,,,,,,,,,,,,MUZAFFARPUR-GORAKHPUR,20.0,574.0,0.0,7.8,-7.8,,,,,,,,,,,,,,,,
,,,12/17/2024,page_3_table_0,,,,,,,,,,,,,,,,,,,,,,PATNA-BALIA,0.0,897.0,0.0,15.5,-15.5,,,,,,,,,,,,,,,,
,,,12/17/2024,page_3_table_0,,,,,,,,,,,,,,,,,,,,,,NAUBATPUR-BALIA,0.0,293.0,0.0,5.0,-5.0,,,,,,,,,,,,,,,,
,,,12/17/2024,page_3_table_0,,,,,,,,,,,,,,,,,,,,,,BIHARSHARIFF-BALIA,64.0,244.0,0.0,4.5,-4.5,,,,,,,,,,,,,,,,
,,,12/17/2024,page_3_table_0,,,,,,,,,,,,,,,,,,,,,,MOTIHARI-GORAKHPUR,0.0,579.0,0.0,9.4,-9.4,,,,,,,,,,,,,,,,
,,,12/17/2024,page_3_table_0,,,,,,,,,,,,,,,,,,,,,,BIHARSHARIFF-VARANASI,0.0,0.0,0.0,0.0,0.0,,,,,,,,,,,,,,,,
,,,12/17/2024,page_3_table_0,,,,,,,,,,,,,,,,,,,,,,SAHUPURI-KARAMNASA,0.0,86.0,0.0,1.1,-1.1,,,,,,,,,,,,,,,,
,,,12/17/2024,page_3_table_0,,,,,,,,,,,,,,,,,,,,,,NAGAR UNTARI-RIHAND,0.0,0.0,0.1,0.0,0.1,,,,,,,,,,,,,,,,
,,,12/17/2024,page_3_table_0,,,,,,,,,,,,,,,,,,,,,,GARWAH-RIHAND,30.0,0.0,0.5,0.0,0.5,,,,,,,,,,,,,,,,
,,,12/17/2024,page_3_table_0,,,,,,,,,,,,,,,,,,,,,,KARMANASA-SAHUPURI,0.0,0.0,0.0,0.0,0.0,,,,,,,,,,,,,,,,
,,,12/17/2024,page_3_table_0,,,,,,,,,,,,,,,,,,,,,,KARMANASA-CHANDAULI,0.0,0.0,0.0,0.0,0.0,,,,,,,,,,,,,,,,
,,,12/17/2024,page_3_table_0,,,,,,,,,,,,,,,,,,,,,,89.1,,,,,,,,,,,,,,,,,,,,,
,,,12/17/2024,page_3_table_0,,,,,,,,,,,,,,,,,,,,,,nan,,,,,,,,,,,,,,,,,,,,,
,,,12/17/2024,page_3_table_0,,,,,,,,,,,,,,,,,,,,,,JHARSUGUDA-DHARAMJAIGARH,17.0,1051.0,0.0,12.0,-12.0,,,,,,,,,,,,,,,,
,,,12/17/2024,page_3_table_0,,,,,,,,,,,,,,,,,,,,,,NEW RANCHI-DHARAMJAIGARH,273.0,786.0,0.0,1.8,-1.8,,,,,,,,,,,,,,,,
,,,12/17/2024,page_3_table_0,,,,,,,,,,,,,,,,,,,,,,JHARSUGUDA-DURG,0.0,708.0,0.0,12.6,-12.6,,,,,,,,,,,,,,,,
,,,12/17/2024,page_3_table_0,,,,,,,,,,,,,,,,,,,,,,JHARSUGUDA-RAIGARH,0.0,779.0,0.0,10.9,-10.9,,,,,,,,,,,,,,,,
,,,12/17/2024,page_3_table_0,,,,,,,,,,,,,,,,,,,,,,RANCHI-SIPAT,0.0,2.0,0.0,0.0,0.0,,,,,,,,,,,,,,,,
,,,12/17/2024,page_3_table_0,,,,,,,,,,,,,,,,,,,,,,BUDHIPADAR-RAIGARH,0.0,120.0,0.0,1.6,-1.6,,,,,,,,,,,,,,,,
,,,12/17/2024,page_3_table_0,,,,,,,,,,,,,,,,,,,,,,BUDHIPADAR-KORBA,90.0,125.0,0.0,0.4,-0.4,,,,,,,,,,,,,,,,
,,,12/17/2024,page_3_table_0,,,,,,,,,,,,,,,,,,,,,,39.3,,,,,,,,,,,,,,,,,,,,,
,,,12/17/2024,page_3_table_0,,,,,,,,,,,,,,,,,,,,,,nan,,,,,,,,,,,,,,,,,,,,,
,,,12/17/2024,page_3_table_0,,,,,,,,,,,,,,,,,,,,,,JEYPORE-GAZUWAKA B/B,0.0,529.0,0.0,12.6,-12.6,,,,,,,,,,,,,,,,
,,,12/17/2024,page_3_table_0,,,,,,,,,,,,,,,,,,,,,,TALCHER-KOLAR BIPOLE,0.0,1997.0,0.0,40.8,-40.8,,,,,,,,,,,,,,,,
,,,12/17/2024,page_3_table_0,,,,,,,,,,,,,,,,,,,,,,ANGUL-SRIKAKULAM,0.0,2900.0,0.0,52.9,-52.9,,,,,,,,,,,,,,,,
,,,12/17/2024,page_3_table_0,,,,,,,,,,,,,,,,,,,,,,TALCHER-I/C,896.0,271.0,2.3,0.0,2.3,,,,,,,,,,,,,,,,
,,,12/17/2024,page_3_table_0,,,,,,,,,,,,,,,,,,,,,,BALIMELA-UPPER-SILERRU,0.0,0.0,0.0,0.0,0.0,,,,,,,,,,,,,,,,
,,,12/17/2024,page_3_table_0,,,,,,,,,,,,,,,,,,,,,,106.3,,,,,,,,,,,,,,,,,,,,,
,,,12/17/2024,page_3_table_0,,,,,,,,,,,,,,,,,,,,,,nan,,,,,,,,,,,,,,,,,,,,,
,,,12/17/2024,page_3_table_0,,,,,,,,,,,,,,,,,,,,,,BINAGURI-BONGAIGAON,281.0,0.0,3.6,0.0,3.6,,,,,,,,,,,,,,,,
,,,12/17/2024,page_3_table_0,,,,,,,,,,,,,,,,,,,,,,ALIPURDUAR-BONGAIGAON,494.0,0.0,7.4,0.0,7.4,,,,,,,,,,,,,,,,
,,,12/17/2024,page_3_table_0,,,,,,,,,,,,,,,,,,,,,,ALIPURDUAR-SALAKATI,101.0,0.0,1.6,0.0,1.6,,,,,,,,,,,,,,,,
,,,12/17/2024,page_3_table_0,,,,,,,,,,,,,,,,,,,,,,0.0,,,,,,,,,,,,,,,,,,,,,
,,,12/17/2024,page_3_table_0,,,,,,,,,,,,,,,,,,,,,,nan,,,,,,,,,,,,,,,,,,,,,
,,,12/17/2024,page_3_table_0,,,,,,,,,,,,,,,,,,,,,,BISWANATH CHARIALI-AGRA,669.0,0.0,16.5,0.0,16.5,,,,,,,,,,,,,,,,
,,,12/17/2024,page_3_table_0,,,,,,,,,,,,,,,,,,,,,,0.0,,,,,,,,,,,,,,,,,,,,,
,,,12/17/2024,page_3_table_0,,,,,,,,,,,,,,,,,,,,,,nan,,,,,,,,,,,,,,,,,,,,,
,,,12/17/2024,page_3_table_0,,,,,,,,,,,,,,,,,,,,,,CHAMPA-KURUKSHETRA,0.0,2512.0,0.0,48.7,-48.7,,,,,,,,,,,,,,,,
,,,12/17/2024,page_3_table_0,,,,,,,,,,,,,,,,,,,,,,VINDHYACHAL B/B,0.0,55.0,0.0,1.2,-1.2,,,,,,,,,,,,,,,,
,,,12/17/2024,page_3_table_0,,,,,,,,,,,,,,,,,,,,,,MUNDRA-MOHINDERGARH,0.0,1919.0,0.0,28.9,-28.9,,,,,,,,,,,,,,,,
,,,12/17/2024,page_3_table_0,,,,,,,,,,,,,,,,,,,,,,GWALIOR-AGRA,0.0,1973.0,0.0,28.0,-28.0,,,,,,,,,,,,,,,,
,,,12/17/2024,page_3_table_0,,,,,,,,,,,,,,,,,,,,,,GWALIOR-PHAGI,60.0,1816.0,0.0,23.1,-23.1,,,,,,,,,,,,,,,,
,,,12/17/2024,page_3_table_0,,,,,,,,,,,,,,,,,,,,,,JABALPUR-ORAI,0.0,909.0,0.0,28.8,-28.8,,,,,,,,,,,,,,,,
,,,12/17/2024,page_3_table_0,,,,,,,,,,,,,,,,,,,,,,GWALIOR-ORAI,885.0,0.0,14.9,0.0,14.9,,,,,,,,,,,,,,,,
,,,12/17/2024,page_3_table_0,,,,,,,,,,,,,,,,,,,,,,SATNA-ORAI,0.0,1061.0,0.0,19.7,-19.7,,,,,,,,,,,,,,,,
,,,12/17/2024,page_3_table_0,,,,,,,,,,,,,,,,,,,,,,BANASKANTHA-CHITORGARH,1077.0,773.0,5.9,4.1,1.9,,,,,,,,,,,,,,,,
,,,12/17/2024,page_3_table_0,,,,,,,,,,,,,,,,,,,,,,VINDHYACHAL-VARANASI,0.0,2013.0,0.0,34.6,-34.6,,,,,,,,,,,,,,,,
,,,12/17/2024,page_3_table_0,,,,,,,,,,,,,,,,,,,,,,ZERDA-KANKROLI,222.0,98.0,1.6,0.3,1.3,,,,,,,,,,,,,,,,
,,,12/17/2024,page_3_table_0,,,,,,,,,,,,,,,,,,,,,,ZERDA -BHINMAL,154.0,68.0,1.1,0.2,0.9,,,,,,,,,,,,,,,,
,,,12/17/2024,page_3_table_0,,,,,,,,,,,,,,,,,,,,,,VINDHYACHAL -RIHAND,964.0,0.0,22.1,0.0,22.1,,,,,,,,,,,,,,,,
,,,12/17/2024,page_3_table_0,,,,,,,,,,,,,,,,,,,,,,RAPP-SHUJALPUR,468.0,306.0,2.6,1.3,1.3,,,,,,,,,,,,,,,,
,,,12/17/2024,page_3_table_0,,,,,,,,,,,,,,,,,,,,,,NEEMUCH-Chittorgarh,517.0,225.0,3.1,0.7,2.4,,,,,,,,,,,,,,,,
,,,12/17/2024,page_3_table_0,,,,,,,,,,,,,,,,,,,,,,BHANPURA-RANPUR,0.0,209.0,0.0,3.3,-3.3,,,,,,,,,,,,,,,,
,,,12/17/2024,page_3_table_0,,,,,,,,,,,,,,,,,,,,,,BHANPURA-MORAK,0.0,30.0,0.0,1.9,-1.9,,,,,,,,,,,,,,,,
,,,12/17/2024,page_3_table_0,,,,,,,,,,,,,,,,,,,,,,MEHGAON-AURAIYA,147.0,0.0,1.5,0.0,1.5,,,,,,,,,,,,,,,,
,,,12/17/2024,page_3_table_0,,,,,,,,,,,,,,,,,,,,,,MALANPUR-AURAIYA,111.0,0.0,0.9,0.0,0.9,,,,,,,,,,,,,,,,
,,,12/17/2024,page_3_table_0,,,,,,,,,,,,,,,,,,,,,,GWALIOR-SAWAI MADHOPUR,0.0,0.0,0.0,0.0,0.0,,,,,,,,,,,,,,,,
,,,12/17/2024,page_3_table_0,,,,,,,,,,,,,,,,,,,,,,RAJGHAT-LALITPUR,0.0,0.0,0.0,0.0,0.0,,,,,,,,,,,,,,,,
,,,12/17/2024,page_3_table_0,,,,,,,,,,,,,,,,,,,,,,224.9,,,,,,,,,,,,,,,,,,,,,
,,,12/17/2024,page_3_table_0,,,,,,,,,,,,,,,,,,,,,,nan,,,,,,,,,,,,,,,,,,,,,
,,,12/17/2024,page_3_table_0,,,,,,,,,,,,,,,,,,,,,,BHADRAWATI B/B,0.0,1010.0,0.0,20.8,-20.8,,,,,,,,,,,,,,,,
,,,12/17/2024,page_3_table_0,,,,,,,,,,,,,,,,,,,,,,RAIGARH-PUGALUR,0.0,3008.0,0.0,41.8,-41.8,,,,,,,,,,,,,,,,
,,,12/17/2024,page_3_table_0,,,,,,,,,,,,,,,,,,,,,,SOLAPUR-RAICHUR,1794.0,1440.0,7.6,11.6,-3.9,,,,,,,,,,,,,,,,
,,,12/17/2024,page_3_table_0,,,,,,,,,,,,,,,,,,,,,,WARDHA-NIZAMABAD,109.0,2357.0,0.0,31.4,-31.4,,,,,,,,,,,,,,,,
,,,12/17/2024,page_3_table_0,,,,,,,,,,,,,,,,,,,,,,WARORA-WARANGAL(NEW),0.0,2551.0,0.0,36.5,-36.5,,,,,,,,,,,,,,,,
,,,12/17/2024,page_3_table_0,,,,,,,,,,,,,,,,,,,,,,KOLHAPUR-KUDGI,1587.0,0.0,19.7,0.0,19.7,,,,,,,,,,,,,,,,
,,,12/17/2024,page_3_table_0,,,,,,,,,,,,,,,,,,,,,,KOLHAPUR-CHIKODI,0.0,0.0,0.0,0.0,0.0,,,,,,,,,,,,,,,,
,,,12/17/2024,page_3_table_0,,,,,,,,,,,,,,,,,,,,,,PONDA-AMBEWADI,0.0,0.0,0.0,0.0,0.0,,,,,,,,,,,,,,,,
,,,12/17/2024,page_3_table_0,,,,,,,,,,,,,,,,,,,,,,XELDEM-AMBEWADI,0.0,118.0,2.2,0.0,2.2,,,,,,,,,,,,,,,,
,,,12/17/2024,page_3_table_0,,,,,,,,,,,,,,,,,,,,,,142.1,,,,,,,,,,,,,,,,,,,,,
,,,12/17/2024,page_3_table_0,,,,,,,,,,,,,,,,,,,,,,nan,,,,,,,,,,,,,,,,,,,,,
,,,12/17/2024,page_3_table_0,,,,,,,,,,,,,,,,,,,,,,nan,,,,,,,,,,,,,,,,,,,,,
,,,12/17/2024,page_3_table_0,,,,,,,,,,,,,,,,,,,,,,Line Name,0.0,0.0,0.0,,,,,,,,,,,,,,,,,,
,,,12/17/2024,page_3_table_0,,,,,,,,,,,,,,,,,,,,,,"400kV MANGDECHHU-ALIPURDUAR 1,2&3 i.e.ALIPURDUAR RECEIPT (from MANGDECHUHEP 4*180MW)",-121.0,-3.0,-0.07,,,,,,,,,,,,,,,,,,
,,,12/17/2024,page_3_table_0,,,,,,,,,,,,,,,,,,,,,,"400kV TALA-BINAGURI 1,2,4 (& 400kVMALBASE  -  BINAGURI) i.e. BINAGURIRECEIPT (from TALA HEP 6*170MW)",153.0,-41.0,-0.99,,,,,,,,,,,,,,,,,,
,,,12/17/2024,page_3_table_0,,,,,,,,,,,,,,,,,,,,,,"220kV CHUKHA-BIRPARA 1&2 (& 220kVMALBASE - BIRPARA) i.e. BIRPARA RECEIPT(from CHUKHA HEP 4*84MW)",-138.0,-196.0,-4.69,,,,,,,,,,,,,,,,,,
,,,12/17/2024,page_3_table_0,,,,,,,,,,,,,,,,,,,,,,132kV GELEPHU-SALAKATI,-25.0,-18.0,-0.44,,,,,,,,,,,,,,,,,,
,,,12/17/2024,page_3_table_0,,,,,,,,,,,,,,,,,,,,,,132kV MOTANGA-RANGIA,0.0,2.0,0.05,,,,,,,,,,,,,,,,,,
,,,12/17/2024,page_3_table_0,,,,,,,,,,,,,,,,,,,,,,NEPAL IMPORT (FROM UP),0.0,0.0,0.0,,,,,,,,,,,,,,,,,,
,,,12/17/2024,page_3_table_0,,,,,,,,,,,,,,,,,,,,,,132kV MAHENDRANAGAR-TANAKPUR(NHPC),0.0,-42.0,-1.0,,,,,,,,,,,,,,,,,,
,,,12/17/2024,page_3_table_0,,,,,,,,,,,,,,,,,,,,,,NEPAL IMPORT (FROM BIHAR),0.0,0.0,0.0,,,,,,,,,,,,,,,,,,
,,,12/17/2024,page_3_table_0,,,,,,,,,,,,,,,,,,,,,,400kV DHALKEBAR-MUZAFFARPUR 1&2,20.0,143.0,3.44,,,,,,,,,,,,,,,,,,
,,,12/17/2024,page_3_table_0,,,,,,,,,,,,,,,,,,,,,,BHERAMARA B/B HVDC (B'DESH),-642.0,-862.0,-20.7,,,,,,,,,,,,,,,,,,
,,,12/17/2024,page_3_table_0,,,,,,,,,,,,,,,,,,,,,,-771,-578.0,-13.86,,,,,,,,,,,,,,,,,,,
,,,12/17/2024,page_3_table_0,,,,,,,,,,,,,,,,,,,,,,-63,-50.0,-1.2,,,,,,,,,,,,,,,,,,,
,,,12/17/2024,page_4_table_0,,,,,,,,,,,,,,,,nan,,,,,,,,,,,,0.0,0.0,,,,,,,,,,,,,,
,,,12/17/2024,page_4_table_0,,,,,,,,,,,,,,,,nan,,,,,,,,,,,,,0.0,0.0,,,,,,,,,,,,,
,,,12/17/2024,page_4_table_0,,,,,,,,,,,,,,,,nan,,,,,,,,,,,,,0.0,0.0,,,,,,,,,,,,,
,,,12/17/2024,page_4_table_0,,,,,,,,,,,,,,,,Bhutan,,,,,,,,,,,,0.0,0.0,7.4,,,,,,,,,,,,,
,,,12/17/2024,page_4_table_0,,,,,,,,,,,,,,,,Nepal,,,,,,,,,,,,0.2,0.0,0.64,,,,,,,,,,,,,
,,,12/17/2024,page_4_table_0,,,,,,,,,,,,,,,,Bangladesh,,,,,,,,,,,,21.47,0.0,0.0,,,,,,,,,,,,,
,,,12/17/2024,page_4_table_0,,,,,,,,,,,,,,,,Myanmar,,,,,,,,,,,,0.0,0.0,0.0,,,,,,,,,,,,,
,,,12/17/2024,page_4_table_0,,,,,,,,,,,,,,,,Total Export,,,,,,,,,,,,21.67,0.0,8.04,,,,,,,,,,,,,
,,,12/17/2024,page_4_table_1,,,,,,,,,,,,,,,,nan,,,,,,,,,,,,0.0,0.0,,,,,,,,,,,,,,
,,,12/17/2024,page_4_table_1,,,,,,,,,,,,,,,,nan,,,,,,,,,,,,,0.0,0.0,,,,,,,,,,,,,
,,,12/17/2024,page_4_table_1,,,,,,,,,,,,,,,,nan,,,,,,,,,,,,,0.0,0.0,,,,,,,,,,,,,
,,,12/17/2024,page_4_table_1,,,,,,,,,,,,,,,,Bhutan,,,,,,,,,,,,0.63,0.0,0.0,,,,,,,,,,,,,
,,,12/17/2024,page_4_table_1,,,,,,,,,,,,,,,,Nepal,,,,,,,,,,,,0.0,0.0,0.0,,,,,,,,,,,,,
,,,12/17/2024,page_4_table_1,,,,,,,,,,,,,,,,Bangladesh,,,,,,,,,,,,0.0,0.0,0.0,,,,,,,,,,,,,
,,,12/17/2024,page_4_table_1,,,,,,,,,,,,,,,,Myanmar,,,,,,,,,,,,0.0,0.0,0.0,,,,,,,,,,,,,
,,,12/17/2024,page_4_table_1,,,,,,,,,,,,,,,,Total Import,,,,,,,,,,,,0.63,0.0,0.0,,,,,,,,,,,,,
,,,12/17/2024,page_4_table_2,,,,,,,,,,,,,,,,nan,,,,,,,,,,,,0.0,0.0,,,,,,,,,,,,,,
,,,12/17/2024,page_4_table_2,,,,,,,,,,,,,,,,nan,,,,,,,,,,,,,0.0,0.0,,,,,,,,,,,,,
,,,12/17/2024,page_4_table_2,,,,,,,,,,,,,,,,nan,,,,,,,,,,,,,0.0,0.0,,,,,,,,,,,,,
,,,12/17/2024,page_4_table_2,,,,,,,,,,,,,,,,Bhutan,,,,,,,,,,,,0.63,0.0,-7.4,,,,,,,,,,,,,
,,,12/17/2024,page_4_table_2,,,,,,,,,,,,,,,,Nepal,,,,,,,,,,,,-0.2,0.0,-0.64,,,,,,,,,,,,,
,,,12/17/2024,page_4_table_2,,,,,,,,,,,,,,,,Bangladesh,,,,,,,,,,,,-21.47,0.0,0.0,,,,,,,,,,,,,
,,,12/17/2024,page_4_table_2,,,,,,,,,,,,,,,,Myanmar,,,,,,,,,,,,0.0,0.0,0.0,,,,,,,,,,,,,
,,,12/17/2024,page_4_table_2,,,,,,,,,,,,,,,,Total Net,,,,,,,,,,,,-21.04,0.0,-8.04,,,,,,,,,,,,,
,,,12/17/2024,page_5_table_0,,,,,,,,,,,,,,,,,,,,,,,,,,,,,,,"15 Min (INSTANTANEOUS) ALL INDIA GRID FREQUENCY, GENERATION & DEMAND MET (SCADA DATA)",,,,,,,,,,,,
,,,12/17/2024,page_5_table_0,,,,,,,,,,,,,,,,,,,,,,,,,,,,,,,TIME,0.0,0.0,0.0,0.0,0.0,0.0,0.0,0.0,0.0,0.0,0.0,0.0
,,,12/17/2024,page_5_table_0,,,,,,,,,,,,,,,,,,,,,,,,,,,,,,,nan,,0.0,0.0,0.0,0.0,0.0,0.0,0.0,0.0,0.0,0.0,0.0
,,,12/17/2024,page_5_table_0,,,,,,,,,,,,,,,,,,,,,,,,,,,,,,,0:00,50.06,145942.0,6483.0,9122.0,0.0,7593.0,1645.0,123202.0,3011.0,132322.0,155554.0,-1367.0
,,,12/17/2024,page_5_table_0,,,,,,,,,,,,,,,,,,,,,,,,,,,,,,,0:15,50.01,145194.0,6509.0,9033.0,0.0,6798.0,1646.0,123680.0,3013.0,131663.0,155177.0,-1445.0
,,,12/17/2024,page_5_table_0,,,,,,,,,,,,,,,,,,,,,,,,,,,,,,,0:30,50.01,144152.0,6513.0,8952.0,0.0,6902.0,1654.0,122454.0,3041.0,130702.0,154014.0,-1442.0
,,,12/17/2024,page_5_table_0,,,,,,,,,,,,,,,,,,,,,,,,,,,,,,,0:45,50.01,143510.0,6534.0,8920.0,0.0,6971.0,1662.0,121803.0,3003.0,130092.0,153391.0,-1479.0
,,,12/17/2024,page_5_table_0,,,,,,,,,,,,,,,,,,,,,,,,,,,,,,,1:00,49.96,142900.0,6521.0,9047.0,0.0,6879.0,1770.0,121174.0,3067.0,129355.0,152956.0,-1461.0
,,,12/17/2024,page_5_table_0,,,,,,,,,,,,,,,,,,,,,,,,,,,,,,,1:15,50.01,141634.0,6547.0,9114.0,0.0,6864.0,1652.0,119847.0,3019.0,128022.0,151541.0,-1464.0
,,,12/17/2024,page_5_table_0,,,,,,,,,,,,,,,,,,,,,,,,,,,,,,,1:30,50.01,141040.0,6549.0,8978.0,0.0,7012.0,1650.0,119173.0,3035.0,127560.0,150899.0,-1457.0
,,,12/17/2024,page_5_table_0,,,,,,,,,,,,,,,,,,,,,,,,,,,,,,,1:45,49.96,140459.0,6572.0,8718.0,0.0,6959.0,1773.0,118811.0,3023.0,127239.0,150358.0,-1395.0
,,,12/17/2024,page_5_table_0,,,,,,,,,,,,,,,,,,,,,,,,,,,,,,,2:00,50.06,139527.0,6583.0,8690.0,0.0,6627.0,1774.0,118197.0,3092.0,126335.0,149465.0,-1433.0
,,,12/17/2024,page_5_table_0,,,,,,,,,,,,,,,,,,,,,,,,,,,,,,,2:15,50.01,138885.0,6596.0,8687.0,0.0,6544.0,1647.0,117873.0,3028.0,125696.0,148877.0,-1415.0
,,,12/17/2024,page_5_table_0,,,,,,,,,,,,,,,,,,,,,,,,,,,,,,,2:30,50.01,138723.0,6623.0,8509.0,0.0,6520.0,1770.0,117663.0,3046.0,130208.0,144137.0,-1442.0
,,,12/17/2024,page_5_table_0,,,,,,,,,,,,,,,,,,,,,,,,,,,,,,,2:45,49.96,138530.0,6619.0,8534.0,0.0,6441.0,1794.0,117478.0,3054.0,125494.0,148422.0,-1356.0
,,,12/17/2024,page_5_table_0,,,,,,,,,,,,,,,,,,,,,,,,,,,,,,,3:00,49.96,138242.0,6645.0,8585.0,0.0,6268.0,1788.0,117144.0,3047.0,129650.0,143484.0,-1338.0
,,,12/17/2024,page_5_table_0,,,,,,,,,,,,,,,,,,,,,,,,,,,,,,,3:15,49.96,138620.0,6634.0,8480.0,0.0,6676.0,1828.0,117250.0,3104.0,125638.0,148474.0,-1300.0
,,,12/17/2024,page_5_table_0,,,,,,,,,,,,,,,,,,,,,,,,,,,,,,,3:30,49.97,138434.0,6641.0,8394.0,0.0,6834.0,1646.0,117300.0,3071.0,125538.0,148388.0,-1329.0
,,,12/17/2024,page_5_table_0,,,,,,,,,,,,,,,,,,,,,,,,,,,,,,,3:45,49.96,138985.0,6652.0,8380.0,0.0,7021.0,1828.0,117596.0,3027.0,126103.0,149006.0,-1293.0
,,,12/17/2024,page_5_table_0,,,,,,,,,,,,,,,,,,,,,,,,,,,,,,,4:00,50.01,139067.0,6644.0,8201.0,0.0,6924.0,1839.0,118058.0,3018.0,126364.0,149186.0,-1298.0
,,,12/17/2024,page_5_table_0,,,,,,,,,,,,,,,,,,,,,,,,,,,,,,,4:15,49.96,141278.0,6640.0,7911.0,0.0,7064.0,1836.0,120439.0,3033.0,128865.0,151425.0,-1285.0
,,,12/17/2024,page_5_table_0,,,,,,,,,,,,,,,,,,,,,,,,,,,,,,,4:30,50.01,143385.0,6641.0,7672.0,0.0,7382.0,1854.0,122405.0,3032.0,131211.0,153488.0,-1231.0
,,,12/17/2024,page_5_table_0,,,,,,,,,,,,,,,,,,,,,,,,,,,,,,,4:45,49.96,145339.0,6641.0,7536.0,0.0,7476.0,1861.0,124678.0,3058.0,133301.0,155752.0,-1294.0
,,,12/17/2024,page_5_table_0,,,,,,,,,,,,,,,,,,,,,,,,,,,,,,,5:00,50.01,148009.0,6635.0,7439.0,0.0,7981.0,1853.0,127068.0,3038.0,136068.0,158516.0,-1295.0
,,,12/17/2024,page_5_table_0,,,,,,,,,,,,,,,,,,,,,,,,,,,,,,,5:15,49.96,151996.0,6640.0,7210.0,0.0,8414.0,1874.0,131035.0,3040.0,140283.0,162716.0,-1341.0
,,,12/17/2024,page_5_table_0,,,,,,,,,,,,,,,,,,,,,,,,,,,,,,,5:30,49.96,156604.0,6635.0,7057.0,0.0,9349.0,1880.0,134770.0,3053.0,145044.0,167247.0,-1327.0
,,,12/17/2024,page_5_table_0,,,,,,,,,,,,,,,,,,,,,,,,,,,,,,,5:45,49.91,160543.0,6650.0,6843.0,0.0,10524.0,1864.0,137917.0,3058.0,149197.0,171359.0,-1292.0
,,,12/17/2024,page_5_table_0,,,,,,,,,,,,,,,,,,,,,,,,,,,,,,,6:00,50.06,164488.0,6642.0,6625.0,0.0,11990.0,1762.0,140932.0,3032.0,157864.0,170982.0,-1428.0
,,,12/17/2024,page_5_table_0,,,,,,,,,,,,,,,,,,,,,,,,,,,,,,,6:15,49.96,169885.0,6628.0,6341.0,966.0,13690.0,2206.0,144219.0,3030.0,162578.0,177080.0,-1227.0
,,,12/17/2024,page_5_table_0,,,,,,,,,,,,,,,,,,,,,,,,,,,,,,,6:30,49.91,177075.0,6613.0,6148.0,1022.0,17122.0,2488.0,147631.0,3024.0,169905.0,184048.0,-1091.0
,,,12/17/2024,page_5_table_0,,,,,,,,,,,,,,,,,,,,,,,,,,,,,,,6:45,49.76,182585.0,6633.0,6015.0,1093.0,19587.0,2670.0,150985.0,3061.0,175477.0,190044.0,-1058.0
,,,12/17/2024,page_5_table_0,,,,,,,,,,,,,,,,,,,,,,,,,,,,,,,7:00,49.76,187631.0,6640.0,5914.0,1392.0,21577.0,3105.0,153379.0,3041.0,180325.0,195048.0,-1202.0
,,,12/17/2024,page_5_table_0,,,,,,,,,,,,,,,,,,,,,,,,,,,,,,,7:15,49.51,191911.0,6623.0,5629.0,2144.0,23872.0,3227.0,154758.0,3058.0,184138.0,199311.0,-1185.0
,,,12/17/2024,page_5_table_0,,,,,,,,,,,,,,,,,,,,,,,,,,,,,,,7:30,49.66,195064.0,6631.0,5540.0,3005.0,24368.0,3283.0,155870.0,3059.0,186519.0,201756.0,-1134.0
,,,12/17/2024,page_5_table_0,,,,,,,,,,,,,,,,,,,,,,,,,,,,,,,7:45,49.81,198285.0,6632.0,5474.0,5397.0,24106.0,3286.0,156835.0,3048.0,187414.0,204778.0,-1105.0
,,,12/17/2024,page_5_table_0,,,,,,,,,,,,,,,,,,,,,,,,,,,,,,,8:00,50.06,200679.0,6653.0,5473.0,8821.0,22669.0,3274.0,156993.0,3103.0,186385.0,206986.0,-1079.0
,,,12/17/2024,page_5_table_0,,,,,,,,,,,,,,,,,,,,,,,,,,,,,,,8:15,50.01,202180.0,6652.0,5474.0,13256.0,20293.0,3265.0,156182.0,3209.0,183450.0,208331.0,-1068.0
,,,12/17/2024,page_5_table_0,,,,,,,,,,,,,,,,,,,,,,,,,,,,,,,8:30,50.01,205552.0,6633.0,5397.0,18122.0,18907.0,3150.0,155841.0,3274.0,182033.0,211324.0,-1062.0
,,,12/17/2024,page_5_table_0,,,,,,,,,,,,,,,,,,,,,,,,,,,,,,,8:45,50.07,207165.0,6642.0,5336.0,22392.0,16509.0,3167.0,155316.0,3185.0,179437.0,212547.0,-988.0
,,,12/17/2024,page_5_table_0,,,,,,,,,,,,,,,,,,,,,,,,,,,,,,,9:00,50.06,209018.0,6642.0,5137.0,27220.0,15143.0,3147.0,153763.0,3247.0,176661.0,214299.0,-983.0
,,,12/17/2024,page_5_table_0,,,,,,,,,,,,,,,,,,,,,,,,,,,,,,,9:15,49.96,213775.0,6632.0,4850.0,31786.0,14288.0,2657.0,155378.0,3237.0,177139.0,218828.0,-964.0
,,,12/17/2024,page_5_table_0,,,,,,,,,,,,,,,,,,,,,,,,,,,,,,,9:30,50.07,215958.0,6636.0,4532.0,27614.0,13316.0,2593.0,154607.0,3213.0,183812.0,212511.0,-969.0
,,,12/17/2024,page_5_table_0,,,,,,,,,,,,,,,,,,,,,,,,,,,,,,,9:45,50.02,216819.0,6627.0,4124.0,29981.0,11234.0,2649.0,154824.0,3233.0,182714.0,212672.0,-1105.0
,,,12/17/2024,page_5_table_0,,,,,,,,,,,,,,,,,,,,,,,,,,,,,,,10:00,50.02,216943.0,6610.0,3677.0,32187.0,10016.0,2618.0,153454.0,3197.0,181079.0,211759.0,-1280.0
,,,12/17/2024,page_5_table_0,,,,,,,,,,,,,,,,,,,,,,,,,,,,,,,10:15,49.91,216326.0,6617.0,3488.0,44620.0,8587.0,2614.0,151809.0,3218.0,168218.0,220953.0,-1287.0
,,,12/17/2024,page_5_table_0,,,,,,,,,,,,,,,,,,,,,,,,,,,,,,,10:30,49.96,214947.0,6607.0,3327.0,46672.0,7765.0,2585.0,150230.0,3318.0,164948.0,220504.0,-1283.0
,,,12/17/2024,page_5_table_0,,,,,,,,,,,,,,,,,,,,,,,,,,,,,,,10:45,50.01,215697.0,6621.0,3417.0,48839.0,7517.0,2551.0,148382.0,3218.0,163441.0,220545.0,-1263.0
,,,12/17/2024,page_5_table_0,,,,,,,,,,,,,,,,,,,,,,,,,,,,,,,11:00,50.01,215150.0,6613.0,3422.0,50475.0,7672.0,2541.0,146671.0,3224.0,161253.0,220618.0,-1394.0
,,,12/17/2024,page_5_table_0,,,,,,,,,,,,,,,,,,,,,,,,,,,,,,,11:15,50.01,213264.0,6612.0,3638.0,51653.0,7785.0,2529.0,143700.0,3206.0,157973.0,219123.0,-1608.0
,,,12/17/2024,page_5_table_0,,,,,,,,,,,,,,,,,,,,,,,,,,,,,,,11:30,50.06,212216.0,6622.0,3907.0,52522.0,7484.0,2389.0,142238.0,3219.0,155787.0,218381.0,-1736.0
,,,12/17/2024,page_5_table_0,,,,,,,,,,,,,,,,,,,,,,,,,,,,,,,11:45,50.06,210900.0,6599.0,4067.0,53332.0,7427.0,2292.0,139939.0,3288.0,153501.0,216944.0,-1737.0
,,,12/17/2024,page_5_table_0,,,,,,,,,,,,,,,,,,,,,,,,,,,,,,,12:00,50.11,208733.0,6617.0,4321.0,54022.0,7247.0,2292.0,137190.0,3242.0,150390.0,214931.0,-1785.0
,,,12/17/2024,page_5_table_0,,,,,,,,,,,,,,,,,,,,,,,,,,,,,,,12:15,50.01,206471.0,6609.0,4466.0,54479.0,7264.0,2294.0,134306.0,3184.0,147526.0,212602.0,-1746.0
,,,12/17/2024,page_5_table_0,,,,,,,,,,,,,,,,,,,,,,,,,,,,,,,12:30,50.01,205749.0,6606.0,4815.0,54708.0,7490.0,2305.0,132734.0,3155.0,146226.0,211813.0,-1773.0
,,,12/17/2024,page_5_table_0,,,,,,,,,,,,,,,,,,,,,,,,,,,,,,,12:45,50.01,204146.0,6599.0,5208.0,54319.0,7760.0,2284.0,130952.0,3161.0,144619.0,210283.0,-1792.0
,,,12/17/2024,page_5_table_0,,,,,,,,,,,,,,,,,,,,,,,,,,,,,,,13:00,50.06,201530.0,6586.0,5502.0,54032.0,7692.0,2267.0,128633.0,3115.0,141996.0,207827.0,-1781.0
,,,12/17/2024,page_5_table_0,,,,,,,,,,,,,,,,,,,,,,,,,,,,,,,13:15,50.11,197510.0,6591.0,5652.0,53540.0,6861.0,2277.0,125515.0,3134.0,138318.0,203570.0,-1788.0
,,,12/17/2024,page_5_table_0,,,,,,,,,,,,,,,,,,,,,,,,,,,,,,,13:30,50.01,196327.0,6596.0,5689.0,52890.0,6776.0,2320.0,124852.0,3146.0,137748.0,202269.0,-1777.0
,,,12/17/2024,page_5_table_0,,,,,,,,,,,,,,,,,,,,,,,,,,,,,,,13:45,50.01,196348.0,6581.0,5911.0,52004.0,7066.0,2151.0,125315.0,3183.0,138433.0,202211.0,-1810.0
,,,12/17/2024,page_5_table_0,,,,,,,,,,,,,,,,,,,,,,,,,,,,,,,14:00,50.01,196266.0,6589.0,6013.0,50666.0,6772.0,2183.0,126735.0,3181.0,139587.0,202139.0,-1789.0
,,,12/17/2024,page_5_table_0,,,,,,,,,,,,,,,,,,,,,,,,,,,,,,,14:15,49.96,196233.0,6583.0,6187.0,49032.0,6874.0,2218.0,128067.0,3157.0,141014.0,202118.0,-1812.0
,,,12/17/2024,page_5_table_0,,,,,,,,,,,,,,,,,,,,,,,,,,,,,,,14:30,50.01,196838.0,6588.0,6271.0,46878.0,6995.0,2223.0,130786.0,3140.0,143689.0,202881.0,-1788.0
,,,12/17/2024,page_5_table_0,,,,,,,,,,,,,,,,,,,,,,,,,,,,,,,14:45,50.01,197393.0,6584.0,6375.0,44690.0,7323.0,2248.0,133318.0,3140.0,146328.0,203678.0,-1808.0
,,,12/17/2024,page_5_table_0,,,,,,,,,,,,,,,,,,,,,,,,,,,,,,,15:00,50.06,197318.0,6578.0,6378.0,41856.0,7576.0,2249.0,135380.0,3141.0,149084.0,203158.0,-1802.0
,,,12/17/2024,page_5_table_0,,,,,,,,,,,,,,,,,,,,,,,,,,,,,,,15:15,50.06,196574.0,6592.0,6374.0,39713.0,7763.0,2281.0,137160.0,3130.0,150487.0,203013.0,-1810.0
,,,12/17/2024,page_5_table_0,,,,,,,,,,,,,,,,,,,,,,,,,,,,,,,15:30,50.06,197248.0,6570.0,6392.0,35685.0,8661.0,2327.0,140438.0,3093.0,155171.0,203166.0,-1722.0
,,,12/17/2024,page_5_table_0,,,,,,,,,,,,,,,,,,,,,,,,,,,,,,,15:45,50.01,196355.0,6578.0,5910.0,32199.0,9391.0,2344.0,142898.0,3073.0,158246.0,202393.0,-1838.0
,,,12/17/2024,page_5_table_0,,,,,,,,,,,,,,,,,,,,,,,,,,,,,,,16:00,50.01,195717.0,6586.0,5798.0,28303.0,10139.0,2314.0,144515.0,3032.0,161616.0,200687.0,-1795.0
,,,12/17/2024,page_5_table_0,,,,,,,,,,,,,,,,,,,,,,,,,,,,,,,16:15,50.02,194432.0,6579.0,5839.0,23564.0,11393.0,2317.0,147150.0,3021.0,165029.0,199863.0,-1590.0
,,,12/17/2024,page_5_table_0,,,,,,,,,,,,,,,,,,,,,,,,,,,,,,,16:30,50.02,194928.0,6576.0,6052.0,18707.0,12997.0,2494.0,150516.0,2999.0,170169.0,200341.0,-1348.0
,,,12/17/2024,page_5_table_0,,,,,,,,,,,,,,,,,,,,,,,,,,,,,,,16:45,49.97,194502.0,6578.0,6014.0,13848.0,15590.0,2576.0,152361.0,3006.0,174640.0,199973.0,-1023.0
,,,12/17/2024,page_5_table_0,,,,,,,,,,,,,,,,,,,,,,,,,,,,,,,17:00,49.91,194716.0,6569.0,6070.0,8817.0,19121.0,2591.0,153674.0,2976.0,179829.0,199818.0,-986.0
,,,12/17/2024,page_5_table_0,,,,,,,,,,,,,,,,,,,,,,,,,,,,,,,17:15,49.91,193785.0,6582.0,5913.0,5365.0,20939.0,2582.0,154732.0,2932.0,182507.0,199045.0,-1078.0
,,,12/17/2024,page_5_table_0,,,,,,,,,,,,,,,,,,,,,,,,,,,,,,,17:30,49.96,194142.0,6590.0,5804.0,2810.0,22767.0,2696.0,156023.0,2986.0,185528.0,199676.0,-1199.0
,,,12/17/2024,page_5_table_0,,,,,,,,,,,,,,,,,,,,,,,,,,,,,,,17:45,50.01,195074.0,6579.0,5837.0,1228.0,25121.0,2785.0,156103.0,2942.0,188009.0,200595.0,-1262.0
,,,12/17/2024,page_5_table_0,,,,,,,,,,,,,,,,,,,,,,,,,,,,,,,18:00,50.07,196724.0,6575.0,6079.0,960.0,26925.0,3102.0,156194.0,2750.0,189685.0,202585.0,-1215.0
,,,12/17/2024,page_5_table_0,,,,,,,,,,,,,,,,,,,,,,,,,,,,,,,18:15,50.01,199125.0,6591.0,6540.0,461.0,27653.0,3181.0,157205.0,3038.0,192124.0,204669.0,-1170.0
,,,12/17/2024,page_5_table_0,,,,,,,,,,,,,,,,,,,,,,,,,,,,,,,18:30,50.02,199002.0,6594.0,6870.0,448.0,27787.0,3177.0,156591.0,3027.0,191684.0,204494.0,-1117.0
,,,12/17/2024,page_5_table_0,,,,,,,,,,,,,,,,,,,,,,,,,,,,,,,18:45,50.02,198680.0,6615.0,7374.0,438.0,26968.0,3179.0,156530.0,3027.0,190868.0,204131.0,-1083.0
,,,12/17/2024,page_5_table_0,,,,,,,,,,,,,,,,,,,,,,,,,,,,,,,19:00,50.07,195830.0,6604.0,7796.0,436.0,25401.0,3068.0,154626.0,3057.0,187598.0,200988.0,-1070.0
,,,12/17/2024,page_5_table_0,,,,,,,,,,,,,,,,,,,,,,,,,,,,,,,19:15,50.12,193828.0,6603.0,8229.0,485.0,23745.0,2907.0,153621.0,3053.0,185114.0,198643.0,-1052.0
,,,12/17/2024,page_5_table_0,,,,,,,,,,,,,,,,,,,,,,,,,,,,,,,19:30,50.12,191015.0,6596.0,8621.0,418.0,21316.0,3085.0,152816.0,3047.0,181976.0,195899.0,-1055.0
,,,12/17/2024,page_5_table_0,,,,,,,,,,,,,,,,,,,,,,,,,,,,,,,19:45,50.07,187906.0,6609.0,9072.0,413.0,17727.0,2837.0,152865.0,3074.0,178421.0,192597.0,-1033.0
,,,12/17/2024,page_5_table_0,,,,,,,,,,,,,,,,,,,,,,,,,,,,,,,20:00,50.07,183680.0,6598.0,9531.0,413.0,15206.0,3040.0,151024.0,3094.0,173736.0,188906.0,-1013.0
,,,12/17/2024,page_5_table_0,,,,,,,,,,,,,,,,,,,,,,,,,,,,,,,20:15,50.07,179455.0,6562.0,9986.0,114.0,13346.0,3018.0,148566.0,3047.0,169355.0,184639.0,-990.0
,,,12/17/2024,page_5_table_0,,,,,,,,,,,,,,,,,,,,,,,,,,,,,,,20:30,49.97,176657.0,6596.0,10248.0,114.0,12519.0,3042.0,146169.0,3077.0,166295.0,181765.0,-994.0
,,,12/17/2024,page_5_table_0,,,,,,,,,,,,,,,,,,,,,,,,,,,,,,,20:45,49.97,174470.0,6564.0,10541.0,80.0,11725.0,2865.0,144623.0,3120.0,163849.0,179518.0,-1030.0
,,,12/17/2024,page_5_table_0,,,,,,,,,,,,,,,,,,,,,,,,,,,,,,,21:00,50.02,171337.0,6604.0,10990.0,81.0,11527.0,3051.0,141289.0,3110.0,160266.0,176652.0,-1081.0
,,,12/17/2024,page_5_table_0,,,,,,,,,,,,,,,,,,,,,,,,,,,,,,,21:15,50.07,168702.0,6601.0,11284.0,80.0,10955.0,3035.0,139165.0,3115.0,157338.0,174235.0,-1317.0
,,,12/17/2024,page_5_table_0,,,,,,,,,,,,,,,,,,,,,,,,,,,,,,,21:30,50.07,165638.0,6614.0,11694.0,80.0,10837.0,3084.0,136338.0,3108.0,153864.0,171755.0,-1531.0
,,,12/17/2024,page_5_table_0,,,,,,,,,,,,,,,,,,,,,,,,,,,,,,,21:45,50.02,163397.0,6607.0,11920.0,76.0,10079.0,3106.0,134820.0,3083.0,151401.0,169691.0,-1716.0
,,,12/17/2024,page_5_table_0,,,,,,,,,,,,,,,,,,,,,,,,,,,,,,,22:00,50.12,159850.0,6615.0,12103.0,75.0,9562.0,2953.0,131745.0,3095.0,147672.0,166148.0,-1661.0
,,,12/17/2024,page_5_table_0,,,,,,,,,,,,,,,,,,,,,,,,,,,,,,,22:15,50.07,159346.0,6629.0,12049.0,77.0,9868.0,3112.0,130589.0,3119.0,147220.0,165443.0,-1626.0
,,,12/17/2024,page_5_table_0,,,,,,,,,,,,,,,,,,,,,,,,,,,,,,,22:30,50.02,157421.0,6624.0,11981.0,42.0,9849.0,2984.0,128852.0,3099.0,145398.0,163431.0,-1650.0
,,,12/17/2024,page_5_table_0,,,,,,,,,,,,,,,,,,,,,,,,,,,,,,,22:45,50.02,155530.0,6621.0,12028.0,43.0,9649.0,3126.0,127182.0,3115.0,143459.0,161764.0,-1649.0
,,,12/17/2024,page_5_table_0,,,,,,,,,,,,,,,,,,,,,,,,,,,,,,,23:00,49.97,153587.0,6631.0,12007.0,43.0,9567.0,2988.0,125240.0,3121.0,141537.0,159597.0,-1600.0
,,,12/17/2024,page_5_table_0,,,,,,,,,,,,,,,,,,,,,,,,,,,,,,,23:15,49.97,151937.0,6619.0,11743.0,43.0,9201.0,3126.0,124380.0,3099.0,140151.0,158211.0,-1578.0
,,,12/17/2024,page_5_table_0,,,,,,,,,,,,,,,,,,,,,,,,,,,,,,,23:30,49.97,150173.0,6637.0,11503.0,49.0,8768.0,3119.0,123283.0,3124.0,138621.0,156483.0,-1556.0
,,,12/17/2024,page_5_table_0,,,,,,,,,,,,,,,,,,,,,,,,,,,,,,,23:45,49.97,148734.0,6637.0,11259.0,45.0,7962.0,3122.0,122798.0,3148.0,137430.0,154971.0,-1552.0
