Date,Table Name,Metric,Region,Value,Bhutan (MU),Nepal (MU),Bangladesh (MU),Godda (Bangladesh) (MU),Bhutan Peak (MW),Nepal Peak (MW),Bangladesh Peak (MW),Godda (Bangladesh) Peak (MW),Import,Voltage Level,Line Details,No. of Circuit,Max Import (MW),Max Export (MW),Import (MU),Export (MU),NET Import (MU),State,Line Name,Max (MW),Min (MW),Avg (MW),Energy Exchange (MU),Type,Country,PPA,Bilateral,DAM IEX,DAM PXIL,DAM HPX,RTM IEX,RTM PXIL,RTM HPX,Total,TIME,FREQUENCY (Hz),DEMAND MET (MW),NUCLEAR (MW),WIND (MW),SOLAR (MW),HYDRO (MW),GAS (MW),THERMAL (MW),OTHERS (MW),NET DEMAND MET (MW),TOTAL GENERATION (MW),"NET TRANSNATIONAL EXCHANGE (MW) (+ve) Import, (-ve) Export"
3/6/2025,Regional Summary,Share of RES in total generation (%),NR,19.84,,,,,,,,,,,,,,,,,,,,,,,,,,,,,,,,,,,,,,,,,,,,,,,
3/6/2025,Regional Summary,"Share of Non-fossil fuel (Hydro,Nuclear and RES)in total generation(%)",NR,31.25,,,,,,,,,,,,,,,,,,,,,,,,,,,,,,,,,,,,,,,,,,,,,,,
3/6/2025,Regional Summary,Share of RES in total generation (%),WR,10.76,,,,,,,,,,,,,,,,,,,,,,,,,,,,,,,,,,,,,,,,,,,,,,,
3/6/2025,Regional Summary,"Share of Non-fossil fuel (Hydro,Nuclear and RES)in total generation(%)",WR,16.37,,,,,,,,,,,,,,,,,,,,,,,,,,,,,,,,,,,,,,,,,,,,,,,
3/6/2025,Regional Summary,Share of RES in total generation (%),SR,17.99,,,,,,,,,,,,,,,,,,,,,,,,,,,,,,,,,,,,,,,,,,,,,,,
3/6/2025,Regional Summary,"Share of Non-fossil fuel (Hydro,Nuclear and RES)in total generation(%)",SR,31.84,,,,,,,,,,,,,,,,,,,,,,,,,,,,,,,,,,,,,,,,,,,,,,,
3/6/2025,Regional Summary,Share of RES in total generation (%),ER,0.92,,,,,,,,,,,,,,,,,,,,,,,,,,,,,,,,,,,,,,,,,,,,,,,
3/6/2025,Regional Summary,"Share of Non-fossil fuel (Hydro,Nuclear and RES)in total generation(%)",ER,3.43,,,,,,,,,,,,,,,,,,,,,,,,,,,,,,,,,,,,,,,,,,,,,,,
3/6/2025,Regional Summary,Share of RES in total generation (%),NER,2.65,,,,,,,,,,,,,,,,,,,,,,,,,,,,,,,,,,,,,,,,,,,,,,,
3/6/2025,Regional Summary,"Share of Non-fossil fuel (Hydro,Nuclear and RES)in total generation(%)",NER,25.01,,,,,,,,,,,,,,,,,,,,,,,,,,,,,,,,,,,,,,,,,,,,,,,
3/6/2025,Regional Summary,Share of RES in total generation (%),TOTAL,13.07,,,,,,,,,,,,,,,,,,,,,,,,,,,,,,,,,,,,,,,,,,,,,,,
3/6/2025,Regional Summary,"Share of Non-fossil fuel (Hydro,Nuclear and RES)in total generation(%)",TOTAL,21.66,,,,,,,,,,,,,,,,,,,,,,,,,,,,,,,,,,,,,,,,,,,,,,,
3/6/2025,Regional Summary,"Demand Met during Evening Peak hrs(MW) (at19:00 hrs; from RLDCs)",NR,54785,,,,,,,,,,,,,,,,,,,,,,,,,,,,,,,,,,,,,,,,,,,,,,,
3/6/2025,Regional Summary,Peak Shortage (MW),NR,321,,,,,,,,,,,,,,,,,,,,,,,,,,,,,,,,,,,,,,,,,,,,,,,
3/6/2025,Regional Summary,Energy Met (MU),NR,1177,,,,,,,,,,,,,,,,,,,,,,,,,,,,,,,,,,,,,,,,,,,,,,,
3/6/2025,Regional Summary,Hydro Gen (MU),NR,119,,,,,,,,,,,,,,,,,,,,,,,,,,,,,,,,,,,,,,,,,,,,,,,
3/6/2025,Regional Summary,Wind Gen (MU),NR,6,,,,,,,,,,,,,,,,,,,,,,,,,,,,,,,,,,,,,,,,,,,,,,,
3/6/2025,Regional Summary,Solar Gen (MU)*,NR,215.51,,,,,,,,,,,,,,,,,,,,,,,,,,,,,,,,,,,,,,,,,,,,,,,
3/6/2025,Regional Summary,Energy Shortage (MU),NR,0.32,,,,,,,,,,,,,,,,,,,,,,,,,,,,,,,,,,,,,,,,,,,,,,,
3/6/2025,Regional Summary,"Maximum Demand Met During the Day (MW)(From NLDC SCADA)",NR,60283,,,,,,,,,,,,,,,,,,,,,,,,,,,,,,,,,,,,,,,,,,,,,,,
3/6/2025,Regional Summary,Time Of Maximum Demand Met,NR,09:58,,,,,,,,,,,,,,,,,,,,,,,,,,,,,,,,,,,,,,,,,,,,,,,
3/6/2025,Regional Summary,"Demand Met during Evening Peak hrs(MW) (at19:00 hrs; from RLDCs)",WR,68695,,,,,,,,,,,,,,,,,,,,,,,,,,,,,,,,,,,,,,,,,,,,,,,
3/6/2025,Regional Summary,Peak Shortage (MW),WR,0,,,,,,,,,,,,,,,,,,,,,,,,,,,,,,,,,,,,,,,,,,,,,,,
3/6/2025,Regional Summary,Energy Met (MU),WR,1611,,,,,,,,,,,,,,,,,,,,,,,,,,,,,,,,,,,,,,,,,,,,,,,
3/6/2025,Regional Summary,Hydro Gen (MU),WR,47,,,,,,,,,,,,,,,,,,,,,,,,,,,,,,,,,,,,,,,,,,,,,,,
3/6/2025,Regional Summary,Wind Gen (MU),WR,52,,,,,,,,,,,,,,,,,,,,,,,,,,,,,,,,,,,,,,,,,,,,,,,
3/6/2025,Regional Summary,Solar Gen (MU)*,WR,150.57,,,,,,,,,,,,,,,,,,,,,,,,,,,,,,,,,,,,,,,,,,,,,,,
3/6/2025,Regional Summary,Energy Shortage (MU),WR,1.28,,,,,,,,,,,,,,,,,,,,,,,,,,,,,,,,,,,,,,,,,,,,,,,
3/6/2025,Regional Summary,"Maximum Demand Met During the Day (MW)(From NLDC SCADA)",WR,75288,,,,,,,,,,,,,,,,,,,,,,,,,,,,,,,,,,,,,,,,,,,,,,,
3/6/2025,Regional Summary,Time Of Maximum Demand Met,WR,10:43,,,,,,,,,,,,,,,,,,,,,,,,,,,,,,,,,,,,,,,,,,,,,,,
3/6/2025,Regional Summary,"Demand Met during Evening Peak hrs(MW) (at19:00 hrs; from RLDCs)",SR,52868,,,,,,,,,,,,,,,,,,,,,,,,,,,,,,,,,,,,,,,,,,,,,,,
3/6/2025,Regional Summary,Peak Shortage (MW),SR,0,,,,,,,,,,,,,,,,,,,,,,,,,,,,,,,,,,,,,,,,,,,,,,,
3/6/2025,Regional Summary,Energy Met (MU),SR,1420,,,,,,,,,,,,,,,,,,,,,,,,,,,,,,,,,,,,,,,,,,,,,,,
3/6/2025,Regional Summary,Hydro Gen (MU),SR,90,,,,,,,,,,,,,,,,,,,,,,,,,,,,,,,,,,,,,,,,,,,,,,,
3/6/2025,Regional Summary,Wind Gen (MU),SR,30,,,,,,,,,,,,,,,,,,,,,,,,,,,,,,,,,,,,,,,,,,,,,,,
3/6/2025,Regional Summary,Solar Gen (MU)*,SR,155.51,,,,,,,,,,,,,,,,,,,,,,,,,,,,,,,,,,,,,,,,,,,,,,,
3/6/2025,Regional Summary,Energy Shortage (MU),SR,0.00,,,,,,,,,,,,,,,,,,,,,,,,,,,,,,,,,,,,,,,,,,,,,,,
3/6/2025,Regional Summary,"Maximum Demand Met During the Day (MW)(From NLDC SCADA)",SR,67811,,,,,,,,,,,,,,,,,,,,,,,,,,,,,,,,,,,,,,,,,,,,,,,
3/6/2025,Regional Summary,Time Of Maximum Demand Met,SR,09:44,,,,,,,,,,,,,,,,,,,,,,,,,,,,,,,,,,,,,,,,,,,,,,,
3/6/2025,Regional Summary,"Demand Met during Evening Peak hrs(MW) (at19:00 hrs; from RLDCs)",ER,23392,,,,,,,,,,,,,,,,,,,,,,,,,,,,,,,,,,,,,,,,,,,,,,,
3/6/2025,Regional Summary,Peak Shortage (MW),ER,0,,,,,,,,,,,,,,,,,,,,,,,,,,,,,,,,,,,,,,,,,,,,,,,
3/6/2025,Regional Summary,Energy Met (MU),ER,494,,,,,,,,,,,,,,,,,,,,,,,,,,,,,,,,,,,,,,,,,,,,,,,
3/6/2025,Regional Summary,Hydro Gen (MU),ER,19,,,,,,,,,,,,,,,,,,,,,,,,,,,,,,,,,,,,,,,,,,,,,,,
3/6/2025,Regional Summary,Wind Gen (MU),ER,-,,,,,,,,,,,,,,,,,,,,,,,,,,,,,,,,,,,,,,,,,,,,,,,
3/6/2025,Regional Summary,Solar Gen (MU)*,ER,4.25,,,,,,,,,,,,,,,,,,,,,,,,,,,,,,,,,,,,,,,,,,,,,,,
3/6/2025,Regional Summary,Energy Shortage (MU),ER,0.13,,,,,,,,,,,,,,,,,,,,,,,,,,,,,,,,,,,,,,,,,,,,,,,
3/6/2025,Regional Summary,"Maximum Demand Met During the Day (MW)(From NLDC SCADA)",ER,23490,,,,,,,,,,,,,,,,,,,,,,,,,,,,,,,,,,,,,,,,,,,,,,,
3/6/2025,Regional Summary,Time Of Maximum Demand Met,ER,18:30,,,,,,,,,,,,,,,,,,,,,,,,,,,,,,,,,,,,,,,,,,,,,,,
3/6/2025,Regional Summary,"Demand Met during Evening Peak hrs(MW) (at19:00 hrs; from RLDCs)",NER,2689,,,,,,,,,,,,,,,,,,,,,,,,,,,,,,,,,,,,,,,,,,,,,,,
3/6/2025,Regional Summary,Peak Shortage (MW),NER,15,,,,,,,,,,,,,,,,,,,,,,,,,,,,,,,,,,,,,,,,,,,,,,,
3/6/2025,Regional Summary,Energy Met (MU),NER,51,,,,,,,,,,,,,,,,,,,,,,,,,,,,,,,,,,,,,,,,,,,,,,,
3/6/2025,Regional Summary,Hydro Gen (MU),NER,10,,,,,,,,,,,,,,,,,,,,,,,,,,,,,,,,,,,,,,,,,,,,,,,
3/6/2025,Regional Summary,Wind Gen (MU),NER,-,,,,,,,,,,,,,,,,,,,,,,,,,,,,,,,,,,,,,,,,,,,,,,,
3/6/2025,Regional Summary,Solar Gen (MU)*,NER,1.19,,,,,,,,,,,,,,,,,,,,,,,,,,,,,,,,,,,,,,,,,,,,,,,
3/6/2025,Regional Summary,Energy Shortage (MU),NER,0.22,,,,,,,,,,,,,,,,,,,,,,,,,,,,,,,,,,,,,,,,,,,,,,,
3/6/2025,Regional Summary,"Maximum Demand Met During the Day (MW)(From NLDC SCADA)",NER,2772,,,,,,,,,,,,,,,,,,,,,,,,,,,,,,,,,,,,,,,,,,,,,,,
3/6/2025,Regional Summary,Time Of Maximum Demand Met,NER,18:06,,,,,,,,,,,,,,,,,,,,,,,,,,,,,,,,,,,,,,,,,,,,,,,
3/6/2025,Regional Summary,"Demand Met during Evening Peak hrs(MW) (at19:00 hrs; from RLDCs)",TOTAL,202429,,,,,,,,,,,,,,,,,,,,,,,,,,,,,,,,,,,,,,,,,,,,,,,
3/6/2025,Regional Summary,Peak Shortage (MW),TOTAL,336,,,,,,,,,,,,,,,,,,,,,,,,,,,,,,,,,,,,,,,,,,,,,,,
3/6/2025,Regional Summary,Energy Met (MU),TOTAL,4752,,,,,,,,,,,,,,,,,,,,,,,,,,,,,,,,,,,,,,,,,,,,,,,
3/6/2025,Regional Summary,Hydro Gen (MU),TOTAL,285,,,,,,,,,,,,,,,,,,,,,,,,,,,,,,,,,,,,,,,,,,,,,,,
3/6/2025,Regional Summary,Wind Gen (MU),TOTAL,88,,,,,,,,,,,,,,,,,,,,,,,,,,,,,,,,,,,,,,,,,,,,,,,
3/6/2025,Regional Summary,Solar Gen (MU)*,TOTAL,527,,,,,,,,,,,,,,,,,,,,,,,,,,,,,,,,,,,,,,,,,,,,,,,
3/6/2025,Regional Summary,Energy Shortage (MU),TOTAL,1.95,,,,,,,,,,,,,,,,,,,,,,,,,,,,,,,,,,,,,,,,,,,,,,,
3/6/2025,Regional Summary,"Maximum Demand Met During the Day (MW)(From NLDC SCADA)",TOTAL,226229,,,,,,,,,,,,,,,,,,,,,,,,,,,,,,,,,,,,,,,,,,,,,,,
3/6/2025,Regional Summary,Time Of Maximum Demand Met,TOTAL,09:53,,,,,,,,,,,,,,,,,,,,,,,,,,,,,,,,,,,,,,,,,,,,,,,
3/6/2025,Regional Summary,Schedule(MU),NR,46.2,,,,,,,,,,,,,,,,,,,,,,,,,,,,,,,,,,,,,,,,,,,,,,,
3/6/2025,Regional Summary,Actual(MU),NR,40.3,,,,,,,,,,,,,,,,,,,,,,,,,,,,,,,,,,,,,,,,,,,,,,,
3/6/2025,Regional Summary,O/D/U/D(MU),NR,-6.0,,,,,,,,,,,,,,,,,,,,,,,,,,,,,,,,,,,,,,,,,,,,,,,
3/6/2025,Regional Summary,Schedule(MU),WR,-179.3,,,,,,,,,,,,,,,,,,,,,,,,,,,,,,,,,,,,,,,,,,,,,,,
3/6/2025,Regional Summary,Actual(MU),WR,-178.6,,,,,,,,,,,,,,,,,,,,,,,,,,,,,,,,,,,,,,,,,,,,,,,
3/6/2025,Regional Summary,O/D/U/D(MU),WR,0.6,,,,,,,,,,,,,,,,,,,,,,,,,,,,,,,,,,,,,,,,,,,,,,,
3/6/2025,Regional Summary,Schedule(MU),SR,293.9,,,,,,,,,,,,,,,,,,,,,,,,,,,,,,,,,,,,,,,,,,,,,,,
3/6/2025,Regional Summary,Actual(MU),SR,303.2,,,,,,,,,,,,,,,,,,,,,,,,,,,,,,,,,,,,,,,,,,,,,,,
3/6/2025,Regional Summary,O/D/U/D(MU),SR,9.3,,,,,,,,,,,,,,,,,,,,,,,,,,,,,,,,,,,,,,,,,,,,,,,
3/6/2025,Regional Summary,Schedule(MU),ER,-171.0,,,,,,,,,,,,,,,,,,,,,,,,,,,,,,,,,,,,,,,,,,,,,,,
3/6/2025,Regional Summary,Actual(MU),ER,-180.9,,,,,,,,,,,,,,,,,,,,,,,,,,,,,,,,,,,,,,,,,,,,,,,
3/6/2025,Regional Summary,O/D/U/D(MU),ER,-9.9,,,,,,,,,,,,,,,,,,,,,,,,,,,,,,,,,,,,,,,,,,,,,,,
3/6/2025,Regional Summary,Schedule(MU),NER,10.2,,,,,,,,,,,,,,,,,,,,,,,,,,,,,,,,,,,,,,,,,,,,,,,
3/6/2025,Regional Summary,Actual(MU),NER,9.7,,,,,,,,,,,,,,,,,,,,,,,,,,,,,,,,,,,,,,,,,,,,,,,
3/6/2025,Regional Summary,O/D/U/D(MU),NER,-0.5,,,,,,,,,,,,,,,,,,,,,,,,,,,,,,,,,,,,,,,,,,,,,,,
3/6/2025,Regional Summary,Schedule(MU),TOTAL,0.0,,,,,,,,,,,,,,,,,,,,,,,,,,,,,,,,,,,,,,,,,,,,,,,
3/6/2025,Regional Summary,Actual(MU),TOTAL,-6.4,,,,,,,,,,,,,,,,,,,,,,,,,,,,,,,,,,,,,,,,,,,,,,,
3/6/2025,Regional Summary,O/D/U/D(MU),TOTAL,-6.4,,,,,,,,,,,,,,,,,,,,,,,,,,,,,,,,,,,,,,,,,,,,,,,
3/6/2025,Regional Summary,Central Sector,NR,5089,,,,,,,,,,,,,,,,,,,,,,,,,,,,,,,,,,,,,,,,,,,,,,,
3/6/2025,Regional Summary,State Sector,NR,4878,,,,,,,,,,,,,,,,,,,,,,,,,,,,,,,,,,,,,,,,,,,,,,,
3/6/2025,Regional Summary,Total,NR,9967,,,,,,,,,,,,,,,,,,,,,,,,,,,,,,,,,,,,,,,,,,,,,,,
3/6/2025,Regional Summary,Central Sector,WR,9781,,,,,,,,,,,,,,,,,,,,,,,,,,,,,,,,,,,,,,,,,,,,,,,
3/6/2025,Regional Summary,State Sector,WR,9698,,,,,,,,,,,,,,,,,,,,,,,,,,,,,,,,,,,,,,,,,,,,,,,
3/6/2025,Regional Summary,Total,WR,19479,,,,,,,,,,,,,,,,,,,,,,,,,,,,,,,,,,,,,,,,,,,,,,,
3/6/2025,Regional Summary,Central Sector,SR,2288,,,,,,,,,,,,,,,,,,,,,,,,,,,,,,,,,,,,,,,,,,,,,,,
3/6/2025,Regional Summary,State Sector,SR,6876,,,,,,,,,,,,,,,,,,,,,,,,,,,,,,,,,,,,,,,,,,,,,,,
3/6/2025,Regional Summary,Total,SR,9164,,,,,,,,,,,,,,,,,,,,,,,,,,,,,,,,,,,,,,,,,,,,,,,
3/6/2025,Regional Summary,Central Sector,ER,3205,,,,,,,,,,,,,,,,,,,,,,,,,,,,,,,,,,,,,,,,,,,,,,,
3/6/2025,Regional Summary,State Sector,ER,2331,,,,,,,,,,,,,,,,,,,,,,,,,,,,,,,,,,,,,,,,,,,,,,,
3/6/2025,Regional Summary,Total,ER,5536,,,,,,,,,,,,,,,,,,,,,,,,,,,,,,,,,,,,,,,,,,,,,,,
3/6/2025,Regional Summary,Central Sector,NER,1161,,,,,,,,,,,,,,,,,,,,,,,,,,,,,,,,,,,,,,,,,,,,,,,
3/6/2025,Regional Summary,State Sector,NER,187,,,,,,,,,,,,,,,,,,,,,,,,,,,,,,,,,,,,,,,,,,,,,,,
3/6/2025,Regional Summary,Total,NER,1348,,,,,,,,,,,,,,,,,,,,,,,,,,,,,,,,,,,,,,,,,,,,,,,
3/6/2025,Regional Summary,Central Sector,TOTAL,21524,,,,,,,,,,,,,,,,,,,,,,,,,,,,,,,,,,,,,,,,,,,,,,,
3/6/2025,Regional Summary,State Sector,TOTAL,23970,,,,,,,,,,,,,,,,,,,,,,,,,,,,,,,,,,,,,,,,,,,,,,,
3/6/2025,Regional Summary,Total,TOTAL,45494,,,,,,,,,,,,,,,,,,,,,,,,,,,,,,,,,,,,,,,,,,,,,,,
3/6/2025,Regional Summary,Central Sector,% Share,47,,,,,,,,,,,,,,,,,,,,,,,,,,,,,,,,,,,,,,,,,,,,,,,
3/6/2025,Regional Summary,State Sector,% Share,53,,,,,,,,,,,,,,,,,,,,,,,,,,,,,,,,,,,,,,,,,,,,,,,
3/6/2025,Regional Summary,Total,% Share,100,,,,,,,,,,,,,,,,,,,,,,,,,,,,,,,,,,,,,,,,,,,,,,,
3/6/2025,Regional Summary,Coal,NR,803,,,,,,,,,,,,,,,,,,,,,,,,,,,,,,,,,,,,,,,,,,,,,,,
3/6/2025,Regional Summary,Lignite,NR,32,,,,,,,,,,,,,,,,,,,,,,,,,,,,,,,,,,,,,,,,,,,,,,,
3/6/2025,Regional Summary,Hydro,NR,119,,,,,,,,,,,,,,,,,,,,,,,,,,,,,,,,,,,,,,,,,,,,,,,
3/6/2025,Regional Summary,Nuclear,NR,21,,,,,,,,,,,,,,,,,,,,,,,,,,,,,,,,,,,,,,,,,,,,,,,
3/6/2025,Regional Summary,"Gas, Naptha & Diesel",NR,8,,,,,,,,,,,,,,,,,,,,,,,,,,,,,,,,,,,,,,,,,,,,,,,
3/6/2025,Regional Summary,"RES (Wind, Solar, Biomass & Others)",NR,244,,,,,,,,,,,,,,,,,,,,,,,,,,,,,,,,,,,,,,,,,,,,,,,
3/6/2025,Regional Summary,Total,NR,1228,,,,,,,,,,,,,,,,,,,,,,,,,,,,,,,,,,,,,,,,,,,,,,,
3/6/2025,Regional Summary,Coal,WR,1575,,,,,,,,,,,,,,,,,,,,,,,,,,,,,,,,,,,,,,,,,,,,,,,
3/6/2025,Regional Summary,Lignite,WR,13,,,,,,,,,,,,,,,,,,,,,,,,,,,,,,,,,,,,,,,,,,,,,,,
3/6/2025,Regional Summary,Hydro,WR,47,,,,,,,,,,,,,,,,,,,,,,,,,,,,,,,,,,,,,,,,,,,,,,,
3/6/2025,Regional Summary,Nuclear,WR,60,,,,,,,,,,,,,,,,,,,,,,,,,,,,,,,,,,,,,,,,,,,,,,,
3/6/2025,Regional Summary,"Gas, Naptha & Diesel",WR,11,,,,,,,,,,,,,,,,,,,,,,,,,,,,,,,,,,,,,,,,,,,,,,,
3/6/2025,Regional Summary,"RES (Wind, Solar, Biomass & Others)",WR,206,,,,,,,,,,,,,,,,,,,,,,,,,,,,,,,,,,,,,,,,,,,,,,,
3/6/2025,Regional Summary,Total,WR,1912,,,,,,,,,,,,,,,,,,,,,,,,,,,,,,,,,,,,,,,,,,,,,,,
3/6/2025,Regional Summary,Coal,SR,754,,,,,,,,,,,,,,,,,,,,,,,,,,,,,,,,,,,,,,,,,,,,,,,
3/6/2025,Regional Summary,Lignite,SR,59,,,,,,,,,,,,,,,,,,,,,,,,,,,,,,,,,,,,,,,,,,,,,,,
3/6/2025,Regional Summary,Hydro,SR,90,,,,,,,,,,,,,,,,,,,,,,,,,,,,,,,,,,,,,,,,,,,,,,,
3/6/2025,Regional Summary,Nuclear,SR,76,,,,,,,,,,,,,,,,,,,,,,,,,,,,,,,,,,,,,,,,,,,,,,,
3/6/2025,Regional Summary,"Gas, Naptha & Diesel",SR,4,,,,,,,,,,,,,,,,,,,,,,,,,,,,,,,,,,,,,,,,,,,,,,,
3/6/2025,Regional Summary,"RES (Wind, Solar, Biomass & Others)",SR,216,,,,,,,,,,,,,,,,,,,,,,,,,,,,,,,,,,,,,,,,,,,,,,,
3/6/2025,Regional Summary,Total,SR,1199,,,,,,,,,,,,,,,,,,,,,,,,,,,,,,,,,,,,,,,,,,,,,,,
3/6/2025,Regional Summary,Coal,ER,743,,,,,,,,,,,,,,,,,,,,,,,,,,,,,,,,,,,,,,,,,,,,,,,
3/6/2025,Regional Summary,Lignite,ER,0,,,,,,,,,,,,,,,,,,,,,,,,,,,,,,,,,,,,,,,,,,,,,,,
3/6/2025,Regional Summary,Hydro,ER,19,,,,,,,,,,,,,,,,,,,,,,,,,,,,,,,,,,,,,,,,,,,,,,,
3/6/2025,Regional Summary,Nuclear,ER,0,,,,,,,,,,,,,,,,,,,,,,,,,,,,,,,,,,,,,,,,,,,,,,,
3/6/2025,Regional Summary,"Gas, Naptha & Diesel",ER,0,,,,,,,,,,,,,,,,,,,,,,,,,,,,,,,,,,,,,,,,,,,,,,,
3/6/2025,Regional Summary,"RES (Wind, Solar, Biomass & Others)",ER,7,,,,,,,,,,,,,,,,,,,,,,,,,,,,,,,,,,,,,,,,,,,,,,,
3/6/2025,Regional Summary,Total,ER,769,,,,,,,,,,,,,,,,,,,,,,,,,,,,,,,,,,,,,,,,,,,,,,,
3/6/2025,Regional Summary,Coal,NER,10,,,,,,,,,,,,,,,,,,,,,,,,,,,,,,,,,,,,,,,,,,,,,,,
3/6/2025,Regional Summary,Lignite,NER,0,,,,,,,,,,,,,,,,,,,,,,,,,,,,,,,,,,,,,,,,,,,,,,,
3/6/2025,Regional Summary,Hydro,NER,10,,,,,,,,,,,,,,,,,,,,,,,,,,,,,,,,,,,,,,,,,,,,,,,
3/6/2025,Regional Summary,Nuclear,NER,0,,,,,,,,,,,,,,,,,,,,,,,,,,,,,,,,,,,,,,,,,,,,,,,
3/6/2025,Regional Summary,"Gas, Naptha & Diesel",NER,24,,,,,,,,,,,,,,,,,,,,,,,,,,,,,,,,,,,,,,,,,,,,,,,
3/6/2025,Regional Summary,"RES (Wind, Solar, Biomass & Others)",NER,1,,,,,,,,,,,,,,,,,,,,,,,,,,,,,,,,,,,,,,,,,,,,,,,
3/6/2025,Regional Summary,Total,NER,45,,,,,,,,,,,,,,,,,,,,,,,,,,,,,,,,,,,,,,,,,,,,,,,
3/6/2025,Regional Summary,Coal,TOTAL,3885,,,,,,,,,,,,,,,,,,,,,,,,,,,,,,,,,,,,,,,,,,,,,,,
3/6/2025,Regional Summary,Lignite,TOTAL,104,,,,,,,,,,,,,,,,,,,,,,,,,,,,,,,,,,,,,,,,,,,,,,,
3/6/2025,Regional Summary,Hydro,TOTAL,285,,,,,,,,,,,,,,,,,,,,,,,,,,,,,,,,,,,,,,,,,,,,,,,
3/6/2025,Regional Summary,Nuclear,TOTAL,157,,,,,,,,,,,,,,,,,,,,,,,,,,,,,,,,,,,,,,,,,,,,,,,
3/6/2025,Regional Summary,"Gas, Naptha & Diesel",TOTAL,48,,,,,,,,,,,,,,,,,,,,,,,,,,,,,,,,,,,,,,,,,,,,,,,
3/6/2025,Regional Summary,"RES (Wind, Solar, Biomass & Others)",TOTAL,673,,,,,,,,,,,,,,,,,,,,,,,,,,,,,,,,,,,,,,,,,,,,,,,
3/6/2025,Regional Summary,Total,TOTAL,5153,,,,,,,,,,,,,,,,,,,,,,,,,,,,,,,,,,,,,,,,,,,,,,,
3/6/2025,Regional Summary,Coal,% Share,75,,,,,,,,,,,,,,,,,,,,,,,,,,,,,,,,,,,,,,,,,,,,,,,
3/6/2025,Regional Summary,Lignite,% Share,2,,,,,,,,,,,,,,,,,,,,,,,,,,,,,,,,,,,,,,,,,,,,,,,
3/6/2025,Regional Summary,Hydro,% Share,6,,,,,,,,,,,,,,,,,,,,,,,,,,,,,,,,,,,,,,,,,,,,,,,
3/6/2025,Regional Summary,Nuclear,% Share,3,,,,,,,,,,,,,,,,,,,,,,,,,,,,,,,,,,,,,,,,,,,,,,,
3/6/2025,Regional Summary,"Gas, Naptha & Diesel",% Share,1,,,,,,,,,,,,,,,,,,,,,,,,,,,,,,,,,,,,,,,,,,,,,,,
3/6/2025,Regional Summary,"RES (Wind, Solar, Biomass & Others)",% Share,13,,,,,,,,,,,,,,,,,,,,,,,,,,,,,,,,,,,,,,,,,,,,,,,
3/6/2025,Regional Summary,Total,% Share,100,,,,,,,,,,,,,,,,,,,,,,,,,,,,,,,,,,,,,,,,,,,,,,,
3/6/2025,Regional Summary,FVI,TOTAL,0.04,,,,,,,,,,,,,,,,,,,,,,,,,,,,,,,,,,,,,,,,,,,,,,,
3/6/2025,Regional Summary,Frequency (<49.7),TOTAL,0.32,,,,,,,,,,,,,,,,,,,,,,,,,,,,,,,,,,,,,,,,,,,,,,,
3/6/2025,Regional Summary,Frequency (49.7 - 49.8),TOTAL,1.28,,,,,,,,,,,,,,,,,,,,,,,,,,,,,,,,,,,,,,,,,,,,,,,
3/6/2025,Regional Summary,Frequency (49.8 - 49.9),TOTAL,3.11,,,,,,,,,,,,,,,,,,,,,,,,,,,,,,,,,,,,,,,,,,,,,,,
3/6/2025,Regional Summary,Frequency (< 49.9),TOTAL,4.72,,,,,,,,,,,,,,,,,,,,,,,,,,,,,,,,,,,,,,,,,,,,,,,
3/6/2025,Regional Summary,Frequency (49.9 - 50.05),TOTAL,78.07,,,,,,,,,,,,,,,,,,,,,,,,,,,,,,,,,,,,,,,,,,,,,,,
3/6/2025,Regional Summary,Frequency (> 50.05),TOTAL,17.21,,,,,,,,,,,,,,,,,,,,,,,,,,,,,,,,,,,,,,,,,,,,,,,
3/6/2025,Regional Summary,SolarHR Max Demand,TOTAL,226229,,,,,,,,,,,,,,,,,,,,,,,,,,,,,,,,,,,,,,,,,,,,,,,
3/6/2025,Regional Summary,SolarHR Max Demand Time,TOTAL,9:53,,,,,,,,,,,,,,,,,,,,,,,,,,,,,,,,,,,,,,,,,,,,,,,
3/6/2025,Regional Summary,SolarHR Shortage,TOTAL,14,,,,,,,,,,,,,,,,,,,,,,,,,,,,,,,,,,,,,,,,,,,,,,,
3/6/2025,Regional Summary,Non-SolarHR Max Demand,TOTAL,205699,,,,,,,,,,,,,,,,,,,,,,,,,,,,,,,,,,,,,,,,,,,,,,,
3/6/2025,Regional Summary,Non-SolarHR Max Demand Time,TOTAL,18:59,,,,,,,,,,,,,,,,,,,,,,,,,,,,,,,,,,,,,,,,,,,,,,,
3/6/2025,Regional Summary,Non-SolarHR Shortage,TOTAL,19,,,,,,,,,,,,,,,,,,,,,,,,,,,,,,,,,,,,,,,,,,,,,,,
3/6/2025,Regional Summary,Region DDF,TOTAL,1.015,,,,,,,,,,,,,,,,,,,,,,,,,,,,,,,,,,,,,,,,,,,,,,,
3/6/2025,Regional Summary,States DDF,TOTAL,1.04,,,,,,,,,,,,,,,,,,,,,,,,,,,,,,,,,,,,,,,,,,,,,,,
3/6/2025,International NET,,,,-5.5,-13.4,-23.6,-21.4,-478.0,-753.7,-1003.0,-1219.0,,,,,,,,,,,,,,,,,,,,,,,,,,,,,,,,,,,,,,,
3/6/2025,Inter-Region,,,,,,,,,,,,ER-NR,HVDC,ALIPURDUAR-AGRA,2.0,0.0,0.0,0.0,0.0,0.0,,,,,,,,,,,,,,,,,,,,,,,,,,,,,,
3/6/2025,Inter-Region,,,,,,,,,,,,ER-NR,HVDC,PUSAULI  B/B,,0.0,47.0,0.0,2.5,-2.5,,,,,,,,,,,,,,,,,,,,,,,,,,,,,,
3/6/2025,Inter-Region,,,,,,,,,,,,ER-NR,765 kV,GAYA-VARANASI,2.0,394.0,1023.0,0.0,13.4,-13.4,,,,,,,,,,,,,,,,,,,,,,,,,,,,,,
3/6/2025,Inter-Region,,,,,,,,,,,,ER-NR,765 kV,SASARAM-FATEHPUR,1.0,185.0,587.0,0.0,7.6,-7.6,,,,,,,,,,,,,,,,,,,,,,,,,,,,,,
3/6/2025,Inter-Region,,,,,,,,,,,,ER-NR,765 kV,GAYA-BALIA,1.0,57.0,528.0,0.0,5.2,-5.2,,,,,,,,,,,,,,,,,,,,,,,,,,,,,,
3/6/2025,Inter-Region,,,,,,,,,,,,ER-NR,400 kV,PUSAULI-VARANASI,1.0,0.0,173.0,0.0,2.4,-2.4,,,,,,,,,,,,,,,,,,,,,,,,,,,,,,
3/6/2025,Inter-Region,,,,,,,,,,,,ER-NR,400 kV,PUSAULI -ALLAHABAD,1.0,88.0,69.0,0.0,0.2,-0.2,,,,,,,,,,,,,,,,,,,,,,,,,,,,,,
3/6/2025,Inter-Region,,,,,,,,,,,,ER-NR,400 kV,MUZAFFARPUR-GORAKHPUR,2.0,598.0,383.0,0.4,0.0,0.4,,,,,,,,,,,,,,,,,,,,,,,,,,,,,,
3/6/2025,Inter-Region,,,,,,,,,,,,ER-NR,400 kV,PATNA-BALIA,2.0,167.0,826.0,0.0,13.2,-13.2,,,,,,,,,,,,,,,,,,,,,,,,,,,,,,
3/6/2025,Inter-Region,,,,,,,,,,,,ER-NR,400 kV,NAUBATPUR-BALIA,2.0,78.0,274.0,0.0,4.1,-4.1,,,,,,,,,,,,,,,,,,,,,,,,,,,,,,
3/6/2025,Inter-Region,,,,,,,,,,,,ER-NR,400 kV,BIHARSHARIFF-BALIA,2.0,309.0,134.0,1.3,0.0,1.3,,,,,,,,,,,,,,,,,,,,,,,,,,,,,,
3/6/2025,Inter-Region,,,,,,,,,,,,ER-NR,400 kV,MOTIHARI-GORAKHPUR,2.0,162.0,396.0,0.0,5.1,-5.1,,,,,,,,,,,,,,,,,,,,,,,,,,,,,,
3/6/2025,Inter-Region,,,,,,,,,,,,ER-NR,400 kV,BIHARSARIFF-SAHUPURI,2.0,272.0,362.0,0.0,4.2,-4.2,,,,,,,,,,,,,,,,,,,,,,,,,,,,,,
3/6/2025,Inter-Region,,,,,,,,,,,,ER-NR,220 kV,SAHUPURI-KARAMNASA,1.0,0.0,54.0,0.0,0.5,-0.5,,,,,,,,,,,,,,,,,,,,,,,,,,,,,,
3/6/2025,Inter-Region,,,,,,,,,,,,ER-NR,132 kV,NAGAR UNTARI-RIHAND,1.0,0.0,0.0,0.1,0.0,0.1,,,,,,,,,,,,,,,,,,,,,,,,,,,,,,
3/6/2025,Inter-Region,,,,,,,,,,,,ER-NR,132 kV,GARWAH-RIHAND,1.0,30.0,0.0,0.6,0.0,0.6,,,,,,,,,,,,,,,,,,,,,,,,,,,,,,
3/6/2025,Inter-Region,,,,,,,,,,,,ER-NR,132 kV,KARMANASA-SAHUPURI,1.0,0.0,0.0,0.0,0.0,0.0,,,,,,,,,,,,,,,,,,,,,,,,,,,,,,
3/6/2025,Inter-Region,,,,,,,,,,,,ER-NR,132 kV,KARMANASA-CHANDAULI,1.0,0.0,0.0,0.0,0.0,0.0,,,,,,,,,,,,,,,,,,,,,,,,,,,,,,
3/6/2025,Inter-Region,,,,,,,,,,,,ER-NR,,Total,,,,2.3,58.4,-56.1,,,,,,,,,,,,,,,,,,,,,,,,,,,,,,
3/6/2025,Inter-Region,,,,,,,,,,,,ER-WR,765 kV,JHARSUGUDA-DHARAMJAIGARH,4.0,333.0,607.0,0.0,2.7,-2.7,,,,,,,,,,,,,,,,,,,,,,,,,,,,,,
3/6/2025,Inter-Region,,,,,,,,,,,,ER-WR,765 kV,NEW RANCHI-DHARAMJAIGARH,2.0,201.0,1423.0,0.0,15.2,-15.2,,,,,,,,,,,,,,,,,,,,,,,,,,,,,,
3/6/2025,Inter-Region,,,,,,,,,,,,ER-WR,765 kV,JHARSUGUDA-DURG,2.0,0.0,868.0,0.0,17.0,-17.0,,,,,,,,,,,,,,,,,,,,,,,,,,,,,,
3/6/2025,Inter-Region,,,,,,,,,,,,ER-WR,400 kV,JHARSUGUDA-RAIGARH,4.0,0.0,809.0,0.0,14.0,-14.0,,,,,,,,,,,,,,,,,,,,,,,,,,,,,,
3/6/2025,Inter-Region,,,,,,,,,,,,ER-WR,400 kV,RANCHI-SIPAT,2.0,50.0,444.0,0.0,4.8,-4.8,,,,,,,,,,,,,,,,,,,,,,,,,,,,,,
3/6/2025,Inter-Region,,,,,,,,,,,,ER-WR,220 kV,BUDHIPADAR-RAIGARH,1.0,0.0,131.0,0.0,2.0,-2.0,,,,,,,,,,,,,,,,,,,,,,,,,,,,,,
3/6/2025,Inter-Region,,,,,,,,,,,,ER-WR,220 kV,BUDHIPADAR-KORBA,2.0,107.0,83.0,0.0,0.0,0.0,,,,,,,,,,,,,,,,,,,,,,,,,,,,,,
3/6/2025,Inter-Region,,,,,,,,,,,,ER-WR,,Total,,,,0.0,55.7,-55.7,,,,,,,,,,,,,,,,,,,,,,,,,,,,,,
3/6/2025,Inter-Region,,,,,,,,,,,,ER-SR,HVDC,JEYPORE-GAZUWAKA B/B,2.0,0.0,830.0,0.0,12.7,-12.7,,,,,,,,,,,,,,,,,,,,,,,,,,,,,,
3/6/2025,Inter-Region,,,,,,,,,,,,ER-SR,HVDC,TALCHER-KOLAR BIPOLE,2.0,0.0,1815.0,0.0,46.0,-46.0,,,,,,,,,,,,,,,,,,,,,,,,,,,,,,
3/6/2025,Inter-Region,,,,,,,,,,,,ER-SR,765 kV,ANGUL-SRIKAKULAM,2.0,0.0,3210.0,0.0,59.5,-59.5,,,,,,,,,,,,,,,,,,,,,,,,,,,,,,
3/6/2025,Inter-Region,,,,,,,,,,,,ER-SR,400 kV,TALCHER-I/C,2.0,0.0,142.0,0.0,5.6,-5.6,,,,,,,,,,,,,,,,,,,,,,,,,,,,,,
3/6/2025,Inter-Region,,,,,,,,,,,,ER-SR,220 kV,BALIMELA-UPPER-SILERRU,1.0,0.0,0.0,0.0,0.0,0.0,,,,,,,,,,,,,,,,,,,,,,,,,,,,,,
3/6/2025,Inter-Region,,,,,,,,,,,,ER-SR,,Total,,,,0.0,118.2,-118.2,,,,,,,,,,,,,,,,,,,,,,,,,,,,,,
3/6/2025,Inter-Region,,,,,,,,,,,,ER-NER,400 kV,BINAGURI-BONGAIGAON,2.0,216.0,60.0,1.7,0.1,1.6,,,,,,,,,,,,,,,,,,,,,,,,,,,,,,
3/6/2025,Inter-Region,,,,,,,,,,,,ER-NER,400 kV,ALIPURDUAR-BONGAIGAON,2.0,360.0,16.0,3.6,0.0,3.6,,,,,,,,,,,,,,,,,,,,,,,,,,,,,,
3/6/2025,Inter-Region,,,,,,,,,,,,ER-NER,220 kV,ALIPURDUAR-SALAKATI,2.0,76.0,1.0,0.9,0.0,0.9,,,,,,,,,,,,,,,,,,,,,,,,,,,,,,
3/6/2025,Inter-Region,,,,,,,,,,,,ER-NER,,Total,,,,6.1,0.1,6.0,,,,,,,,,,,,,,,,,,,,,,,,,,,,,,
3/6/2025,Inter-Region,,,,,,,,,,,,NER-NR,HVDC,BISWANATH CHARIALI-AGRA,2.0,661.0,0.0,16.1,0.0,16.1,,,,,,,,,,,,,,,,,,,,,,,,,,,,,,
3/6/2025,Inter-Region,,,,,,,,,,,,NER-NR,,Total,,,,16.1,0.0,16.1,,,,,,,,,,,,,,,,,,,,,,,,,,,,,,
3/6/2025,Inter-Region,,,,,,,,,,,,WR-NR,HVDC,CHAMPA-KURUKSHETRA,2.0,0.0,1486.0,0.0,29.7,-29.7,,,,,,,,,,,,,,,,,,,,,,,,,,,,,,
3/6/2025,Inter-Region,,,,,,,,,,,,WR-NR,HVDC,VINDHYACHAL B/B,,5.0,255.0,0.0,6.4,-6.4,,,,,,,,,,,,,,,,,,,,,,,,,,,,,,
3/6/2025,Inter-Region,,,,,,,,,,,,WR-NR,HVDC,MUNDRA-MOHINDERGARH,2.0,0.0,1268.0,0.0,25.3,-25.3,,,,,,,,,,,,,,,,,,,,,,,,,,,,,,
3/6/2025,Inter-Region,,,,,,,,,,,,WR-NR,765 kV,GWALIOR-AGRA,2.0,1152.0,1336.0,6.5,5.3,1.2,,,,,,,,,,,,,,,,,,,,,,,,,,,,,,
3/6/2025,Inter-Region,,,,,,,,,,,,WR-NR,765 kV,GWALIOR-PHAGI,2.0,1112.0,1544.0,4.7,14.9,-10.2,,,,,,,,,,,,,,,,,,,,,,,,,,,,,,
3/6/2025,Inter-Region,,,,,,,,,,,,WR-NR,765 kV,JABALPUR-ORAI,2.0,609.0,835.0,0.0,2.0,-2.0,,,,,,,,,,,,,,,,,,,,,,,,,,,,,,
3/6/2025,Inter-Region,,,,,,,,,,,,WR-NR,765 kV,GWALIOR-ORAI,1.0,862.0,0.0,13.3,0.0,13.3,,,,,,,,,,,,,,,,,,,,,,,,,,,,,,
3/6/2025,Inter-Region,,,,,,,,,,,,WR-NR,765 kV,SATNA-ORAI,1.0,0.0,945.0,0.0,11.8,-11.8,,,,,,,,,,,,,,,,,,,,,,,,,,,,,,
3/6/2025,Inter-Region,,,,,,,,,,,,WR-NR,765 kV,BANASKANTHA-CHITORGARH,2.0,2171.0,0.0,28.2,0.0,28.2,,,,,,,,,,,,,,,,,,,,,,,,,,,,,,
3/6/2025,Inter-Region,,,,,,,,,,,,WR-NR,765 kV,VINDHYACHAL-VARANASI,2.0,1311.0,1157.0,5.1,0.0,5.1,,,,,,,,,,,,,,,,,,,,,,,,,,,,,,
3/6/2025,Inter-Region,,,,,,,,,,,,WR-NR,400 kV,ZERDA-KANKROLI,1.0,459.0,0.0,5.7,0.0,5.7,,,,,,,,,,,,,,,,,,,,,,,,,,,,,,
3/6/2025,Inter-Region,,,,,,,,,,,,WR-NR,400 kV,ZERDA -BHINMAL,1.0,317.0,0.0,3.9,0.0,3.9,,,,,,,,,,,,,,,,,,,,,,,,,,,,,,
3/6/2025,Inter-Region,,,,,,,,,,,,WR-NR,400 kV,VINDHYACHAL -RIHAND,1.0,488.0,0.0,10.5,0.0,10.5,,,,,,,,,,,,,,,,,,,,,,,,,,,,,,
3/6/2025,Inter-Region,,,,,,,,,,,,WR-NR,400 kV,RAPP-SHUJALPUR,2.0,802.0,285.0,7.7,0.5,7.1,,,,,,,,,,,,,,,,,,,,,,,,,,,,,,
3/6/2025,Inter-Region,,,,,,,,,,,,WR-NR,400 kV,NEEMUCH-Chittorgarh,2.0,798.0,259.0,7.8,0.4,7.4,,,,,,,,,,,,,,,,,,,,,,,,,,,,,,
3/6/2025,Inter-Region,,,,,,,,,,,,WR-NR,220 kV,BHANPURA-RANPUR,1.0,0.0,153.0,0.0,2.7,-2.7,,,,,,,,,,,,,,,,,,,,,,,,,,,,,,
3/6/2025,Inter-Region,,,,,,,,,,,,WR-NR,220 kV,BHANPURA-MORAK,1.0,0.0,30.0,0.0,2.2,-2.2,,,,,,,,,,,,,,,,,,,,,,,,,,,,,,
3/6/2025,Inter-Region,,,,,,,,,,,,WR-NR,220 kV,MEHGAON-AURAIYA,1.0,144.0,0.0,2.5,0.0,2.5,,,,,,,,,,,,,,,,,,,,,,,,,,,,,,
3/6/2025,Inter-Region,,,,,,,,,,,,WR-NR,220 kV,MALANPUR-AURAIYA,1.0,109.0,0.0,1.8,0.0,1.8,,,,,,,,,,,,,,,,,,,,,,,,,,,,,,
3/6/2025,Inter-Region,,,,,,,,,,,,WR-NR,132 kV,GWALIOR-SAWAI MADHOPUR,1.0,0.0,0.0,0.0,0.0,0.0,,,,,,,,,,,,,,,,,,,,,,,,,,,,,,
3/6/2025,Inter-Region,,,,,,,,,,,,WR-NR,132 kV,RAJGHAT-LALITPUR,2.0,0.0,0.0,0.0,0.0,0.0,,,,,,,,,,,,,,,,,,,,,,,,,,,,,,
3/6/2025,Inter-Region,,,,,,,,,,,,WR-NR,,Total,,,,97.6,101.2,-3.6,,,,,,,,,,,,,,,,,,,,,,,,,,,,,,
3/6/2025,Inter-Region,,,,,,,,,,,,WR-SR,HVDC,BHADRAWATI B/B,,0.0,1012.0,0.0,22.8,-22.8,,,,,,,,,,,,,,,,,,,,,,,,,,,,,,
3/6/2025,Inter-Region,,,,,,,,,,,,WR-SR,HVDC,RAIGARH-PUGALUR,2.0,0.0,6021.0,0.0,114.2,-114.2,,,,,,,,,,,,,,,,,,,,,,,,,,,,,,
3/6/2025,Inter-Region,,,,,,,,,,,,WR-SR,765 kV,SOLAPUR-RAICHUR,2.0,505.0,1337.0,0.7,14.6,-13.9,,,,,,,,,,,,,,,,,,,,,,,,,,,,,,
3/6/2025,Inter-Region,,,,,,,,,,,,WR-SR,765 kV,WARDHA-NIZAMABAD,2.0,0.0,3184.0,0.0,51.5,-51.5,,,,,,,,,,,,,,,,,,,,,,,,,,,,,,
3/6/2025,Inter-Region,,,,,,,,,,,,WR-SR,765 kV,WARORA-WARANGAL(NEW),2.0,0.0,3007.0,0.0,48.3,-48.3,,,,,,,,,,,,,,,,,,,,,,,,,,,,,,
3/6/2025,Inter-Region,,,,,,,,,,,,WR-SR,400 kV,KOLHAPUR-KUDGI,2.0,1232.0,0.0,17.7,0.0,17.7,,,,,,,,,,,,,,,,,,,,,,,,,,,,,,
3/6/2025,Inter-Region,,,,,,,,,,,,WR-SR,220 kV,KOLHAPUR-CHIKODI,2.0,0.0,0.0,0.0,0.0,0.0,,,,,,,,,,,,,,,,,,,,,,,,,,,,,,
3/6/2025,Inter-Region,,,,,,,,,,,,WR-SR,220 kV,PONDA-AMBEWADI,1.0,0.0,0.0,0.0,0.0,0.0,,,,,,,,,,,,,,,,,,,,,,,,,,,,,,
3/6/2025,Inter-Region,,,,,,,,,,,,WR-SR,220 kV,XELDEM-AMBEWADI,1.0,0.0,135.0,2.5,0.0,2.5,,,,,,,,,,,,,,,,,,,,,,,,,,,,,,
3/6/2025,Inter-Region,,,,,,,,,,,,WR-SR,,Total,,,,20.9,251.5,-230.6,,,,,,,,,,,,,,,,,,,,,,,,,,,,,,
3/6/2025,International,,ER,,,,,,,,,,,,,,,,,,,BHUTAN,"400kV MANGDECHHU-ALIPURDUAR 1,2&3 i.e.ALIPURDUAR RECEIPT (from MANGDECHUHEP 4*180MW)",176.0,-41.0,68.0,1.64,,,,,,,,,,,,,,,,,,,,,,,,
3/6/2025,International,,ER,,,,,,,,,,,,,,,,,,,BHUTAN,"400kV TALA-BINAGURI 1,2,4 (& 400kVMALBASE  -  BINAGURI) i.e. BINAGURIRECEIPT (from TALA HEP 6*170MW)",-301.0,64.0,-123.0,-2.95,,,,,,,,,,,,,,,,,,,,,,,,
3/6/2025,International,,ER,,,,,,,,,,,,,,,,,,,BHUTAN,"220kV CHUKHA-BIRPARA 1&2 (& 220kVMALBASE - BIRPARA) i.e. BIRPARA RECEIPT(from CHUKHA HEP 4*84MW)",-225.0,-91.0,-166.0,-3.98,,,,,,,,,,,,,,,,,,,,,,,,
3/6/2025,International,,NER,,,,,,,,,,,,,,,,,,,BHUTAN,132kV GELEPHU-SALAKATI,-20.0,-11.0,-16.0,-0.39,,,,,,,,,,,,,,,,,,,,,,,,
3/6/2025,International,,NER,,,,,,,,,,,,,,,,,,,BHUTAN,132kV MOTANGA-RANGIA,13.0,0.0,8.0,0.2,,,,,,,,,,,,,,,,,,,,,,,,
3/6/2025,International,,NR,,,,,,,,,,,,,,,,,,,NEPAL,NEPAL IMPORT (FROM UP),0.0,0.0,0.0,-1.04,,,,,,,,,,,,,,,,,,,,,,,,
3/6/2025,International,,NR,,,,,,,,,,,,,,,,,,,NEPAL,132kV MAHENDRANAGAR-TANAKPUR(NHPC),0.0,0.0,0.0,-0.96,,,,,,,,,,,,,,,,,,,,,,,,
3/6/2025,International,,ER,,,,,,,,,,,,,,,,,,,NEPAL,NEPAL IMPORT (FROM BIHAR),-220.0,-48.0,-168.0,-4.03,,,,,,,,,,,,,,,,,,,,,,,,
3/6/2025,International,,ER,,,,,,,,,,,,,,,,,,,NEPAL,400kV DHALKEBAR-MUZAFFARPUR 1&2,-534.0,-12.0,-308.0,-7.4,,,,,,,,,,,,,,,,,,,,,,,,
3/6/2025,International,,ER,,,,,,,,,,,,,,,,,,,BANGLADESH,BHERAMARA B/B HVDC (B'DESH),-941.0,-886.0,-932.0,-22.36,,,,,,,,,,,,,,,,,,,,,,,,
3/6/2025,International,,"ER(Isolated from Indian Grid)",,,,,,,,,,,,,,,,,,,BANGLADESH,400kV GODDA_TPS-RAHANPUR (B'DESH) D/C,-1219.0,-804.0,-892.0,-21.41,,,,,,,,,,,,,,,,,,,,,,,,
3/6/2025,International,,NER,,,,,,,,,,,,,,,,,,,BANGLADESH,132kV COMILLA-SURAJMANI NAGAR 1&2,-62.0,0.0,-51.0,-1.22,,,,,,,,,,,,,,,,,,,,,,,,
3/6/2025,Exchange,,,,,,,,,,,,,,,,,,,,,,,,,,,Export,Bhutan,0.0,0.39,6.16,0.0,0.0,0.0,0.0,0.0,6.55,,,,,,,,,,,,,
3/6/2025,Exchange,,,,,,,,,,,,,,,,,,,,,,,,,,,Export,Nepal,3.99,0.0,5.47,0.0,0.0,2.27,0.0,0.0,11.73,,,,,,,,,,,,,
3/6/2025,Exchange,,,,,,,,,,,,,,,,,,,,,,,,,,,Export,Bangladesh,23.23,0.0,0.0,0.0,0.0,0.0,0.0,0.0,23.23,,,,,,,,,,,,,
3/6/2025,Exchange,,,,,,,,,,,,,,,,,,,,,,,,,,,Export,Myanmar,0.0,0.0,0.0,0.0,0.0,0.0,0.0,0.0,0.0,,,,,,,,,,,,,
3/6/2025,Exchange,,,,,,,,,,,,,,,,,,,,,,,,,,,Export,Total Export,27.22,0.39,11.63,0.0,0.0,2.27,0.0,0.0,41.51,,,,,,,,,,,,,
3/6/2025,Exchange,,,,,,,,,,,,,,,,,,,,,,,,,,,Import,Bhutan,0.73,0.0,0.0,0.0,0.0,0.0,0.0,0.0,0.73,,,,,,,,,,,,,
3/6/2025,Exchange,,,,,,,,,,,,,,,,,,,,,,,,,,,Import,Nepal,0.0,0.0,0.0,0.0,0.0,0.0,0.0,0.0,0.0,,,,,,,,,,,,,
3/6/2025,Exchange,,,,,,,,,,,,,,,,,,,,,,,,,,,Import,Bangladesh,0.0,0.0,0.0,0.0,0.0,0.0,0.0,0.0,0.0,,,,,,,,,,,,,
3/6/2025,Exchange,,,,,,,,,,,,,,,,,,,,,,,,,,,Import,Myanmar,0.0,0.0,0.0,0.0,0.0,0.0,0.0,0.0,0.0,,,,,,,,,,,,,
3/6/2025,Exchange,,,,,,,,,,,,,,,,,,,,,,,,,,,Import,Total Import,0.73,0.0,0.0,0.0,0.0,0.0,0.0,0.0,0.73,,,,,,,,,,,,,
3/6/2025,Exchange,,,,,,,,,,,,,,,,,,,,,,,,,,,NET,Bhutan,0.73,-0.39,-6.16,0.0,0.0,0.0,0.0,0.0,-5.82,,,,,,,,,,,,,
3/6/2025,Exchange,,,,,,,,,,,,,,,,,,,,,,,,,,,NET,Nepal,-3.99,0.0,-5.47,0.0,0.0,-2.27,0.0,0.0,-11.73,,,,,,,,,,,,,
3/6/2025,Exchange,,,,,,,,,,,,,,,,,,,,,,,,,,,NET,Bangladesh,-23.23,0.0,0.0,0.0,0.0,0.0,0.0,0.0,-23.23,,,,,,,,,,,,,
3/6/2025,Exchange,,,,,,,,,,,,,,,,,,,,,,,,,,,NET,Myanmar,0.0,0.0,0.0,0.0,0.0,0.0,0.0,0.0,0.0,,,,,,,,,,,,,
3/6/2025,Exchange,,,,,,,,,,,,,,,,,,,,,,,,,,,NET,Total Net,-26.49,-0.39,-11.63,0.0,0.0,-2.27,0.0,0.0,-40.78,,,,,,,,,,,,,
3/6/2025,Block-wise,,,,,,,,,,,,,,,,,,,,,,,,,,,,,,,,,,,,,,00:00,50.04,176788.0,6053.0,5035.0,102.0,9654.0,1937.0,155610.0,2617.0,171651.0,181008.0,-1821.0
3/6/2025,Block-wise,,,,,,,,,,,,,,,,,,,,,,,,,,,,,,,,,,,,,,00:15,49.94,177084.0,6057.0,5190.0,95.0,8371.0,1905.0,157285.0,2581.0,171799.0,181484.0,-1758.0
3/6/2025,Block-wise,,,,,,,,,,,,,,,,,,,,,,,,,,,,,,,,,,,,,,00:30,49.94,176269.0,6070.0,5172.0,88.0,8542.0,1914.0,156183.0,2515.0,171009.0,180484.0,-1746.0
3/6/2025,Block-wise,,,,,,,,,,,,,,,,,,,,,,,,,,,,,,,,,,,,,,00:45,49.99,176372.0,6048.0,4997.0,87.0,8546.0,1912.0,156336.0,2489.0,171288.0,180415.0,-1752.0
3/6/2025,Block-wise,,,,,,,,,,,,,,,,,,,,,,,,,,,,,,,,,,,,,,01:00,49.99,175046.0,6048.0,5160.0,88.0,8166.0,1917.0,155536.0,2571.0,169798.0,179486.0,-1740.0
3/6/2025,Block-wise,,,,,,,,,,,,,,,,,,,,,,,,,,,,,,,,,,,,,,01:15,49.99,174278.0,6062.0,5193.0,89.0,8000.0,1913.0,154815.0,2499.0,168996.0,178571.0,-1734.0
3/6/2025,Block-wise,,,,,,,,,,,,,,,,,,,,,,,,,,,,,,,,,,,,,,01:30,49.99,173478.0,6056.0,5177.0,83.0,7743.0,1912.0,154473.0,2482.0,168218.0,177926.0,-1749.0
3/6/2025,Block-wise,,,,,,,,,,,,,,,,,,,,,,,,,,,,,,,,,,,,,,01:45,49.99,172452.0,6074.0,5158.0,85.0,6978.0,1897.0,154210.0,2499.0,167209.0,176901.0,-1720.0
3/6/2025,Block-wise,,,,,,,,,,,,,,,,,,,,,,,,,,,,,,,,,,,,,,02:00,50.04,171066.0,6052.0,5031.0,86.0,6569.0,1909.0,153526.0,2489.0,165949.0,175662.0,-1714.0
3/6/2025,Block-wise,,,,,,,,,,,,,,,,,,,,,,,,,,,,,,,,,,,,,,02:15,50.04,170551.0,6077.0,5045.0,86.0,6298.0,1910.0,152896.0,2496.0,165420.0,174808.0,-1694.0
3/6/2025,Block-wise,,,,,,,,,,,,,,,,,,,,,,,,,,,,,,,,,,,,,,02:30,49.99,170219.0,6060.0,4998.0,87.0,6399.0,1891.0,152681.0,2505.0,165134.0,174621.0,-1708.0
3/6/2025,Block-wise,,,,,,,,,,,,,,,,,,,,,,,,,,,,,,,,,,,,,,02:45,50.04,170202.0,6066.0,5007.0,89.0,6421.0,1892.0,152363.0,2478.0,165106.0,174316.0,-1711.0
3/6/2025,Block-wise,,,,,,,,,,,,,,,,,,,,,,,,,,,,,,,,,,,,,,03:00,50.04,169299.0,6053.0,5001.0,89.0,6181.0,1907.0,151751.0,2486.0,164209.0,173468.0,-1734.0
3/6/2025,Block-wise,,,,,,,,,,,,,,,,,,,,,,,,,,,,,,,,,,,,,,03:15,49.99,169821.0,6053.0,4982.0,90.0,5902.0,1928.0,152451.0,2476.0,164749.0,173882.0,-1722.0
3/6/2025,Block-wise,,,,,,,,,,,,,,,,,,,,,,,,,,,,,,,,,,,,,,03:30,49.99,170081.0,6048.0,4921.0,80.0,6097.0,1932.0,152621.0,2479.0,165080.0,174178.0,-1716.0
3/6/2025,Block-wise,,,,,,,,,,,,,,,,,,,,,,,,,,,,,,,,,,,,,,03:45,49.99,170588.0,6054.0,4838.0,78.0,6177.0,1929.0,152952.0,2499.0,165672.0,174527.0,-1715.0
3/6/2025,Block-wise,,,,,,,,,,,,,,,,,,,,,,,,,,,,,,,,,,,,,,04:00,50.04,171079.0,6039.0,4747.0,77.0,6182.0,1937.0,153927.0,2482.0,166255.0,175391.0,-1746.0
3/6/2025,Block-wise,,,,,,,,,,,,,,,,,,,,,,,,,,,,,,,,,,,,,,04:15,49.99,173547.0,6055.0,4648.0,76.0,7006.0,1935.0,155490.0,2504.0,168823.0,177714.0,-1741.0
3/6/2025,Block-wise,,,,,,,,,,,,,,,,,,,,,,,,,,,,,,,,,,,,,,04:30,50.04,175133.0,6053.0,4558.0,72.0,7253.0,1946.0,156898.0,2569.0,170503.0,179349.0,-1722.0
3/6/2025,Block-wise,,,,,,,,,,,,,,,,,,,,,,,,,,,,,,,,,,,,,,04:45,50.04,176274.0,6058.0,4576.0,70.0,7292.0,1943.0,158080.0,2487.0,171628.0,180506.0,-1636.0
3/6/2025,Block-wise,,,,,,,,,,,,,,,,,,,,,,,,,,,,,,,,,,,,,,05:00,50.09,177030.0,6060.0,4474.0,72.0,7608.0,1977.0,158558.0,2501.0,172484.0,181250.0,-1501.0
3/6/2025,Block-wise,,,,,,,,,,,,,,,,,,,,,,,,,,,,,,,,,,,,,,05:15,50.04,179667.0,6071.0,4575.0,73.0,7923.0,1999.0,160535.0,2489.0,175019.0,183665.0,-1389.0
3/6/2025,Block-wise,,,,,,,,,,,,,,,,,,,,,,,,,,,,,,,,,,,,,,05:30,49.99,182240.0,6074.0,4621.0,74.0,8708.0,1984.0,162409.0,2547.0,177545.0,186417.0,-1410.0
3/6/2025,Block-wise,,,,,,,,,,,,,,,,,,,,,,,,,,,,,,,,,,,,,,05:45,49.99,184696.0,6065.0,4718.0,82.0,9735.0,1982.0,163741.0,2631.0,179896.0,188954.0,-1455.0
3/6/2025,Block-wise,,,,,,,,,,,,,,,,,,,,,,,,,,,,,,,,,,,,,,06:00,50.04,186991.0,6065.0,4756.0,61.0,12347.0,2005.0,163555.0,2585.0,182174.0,191374.0,-1414.0
3/6/2025,Block-wise,,,,,,,,,,,,,,,,,,,,,,,,,,,,,,,,,,,,,,06:15,49.99,191370.0,6051.0,4763.0,140.0,15931.0,1957.0,164407.0,2583.0,186467.0,195832.0,-1399.0
3/6/2025,Block-wise,,,,,,,,,,,,,,,,,,,,,,,,,,,,,,,,,,,,,,06:30,49.79,195532.0,6052.0,4426.0,159.0,18281.0,1984.0,166242.0,2595.0,190947.0,199739.0,-1437.0
3/6/2025,Block-wise,,,,,,,,,,,,,,,,,,,,,,,,,,,,,,,,,,,,,,06:45,49.94,200120.0,6104.0,4224.0,433.0,22275.0,1990.0,166813.0,2610.0,195463.0,204449.0,-1353.0
3/6/2025,Block-wise,,,,,,,,,,,,,,,,,,,,,,,,,,,,,,,,,,,,,,07:00,49.99,203278.0,6092.0,4066.0,1297.0,23947.0,2000.0,167241.0,2649.0,197915.0,207292.0,-1053.0
3/6/2025,Block-wise,,,,,,,,,,,,,,,,,,,,,,,,,,,,,,,,,,,,,,07:15,49.99,205316.0,6103.0,4056.0,3260.0,23947.0,2014.0,167055.0,2663.0,198000.0,209098.0,-960.0
3/6/2025,Block-wise,,,,,,,,,,,,,,,,,,,,,,,,,,,,,,,,,,,,,,07:30,50.04,206748.0,6090.0,3979.0,6678.0,23655.0,1966.0,165452.0,2728.0,196091.0,210548.0,-991.0
3/6/2025,Block-wise,,,,,,,,,,,,,,,,,,,,,,,,,,,,,,,,,,,,,,07:45,50.09,209009.0,6091.0,4144.0,11511.0,21990.0,1963.0,163779.0,2812.0,193354.0,212290.0,-998.0
3/6/2025,Block-wise,,,,,,,,,,,,,,,,,,,,,,,,,,,,,,,,,,,,,,08:00,50.19,210014.0,6060.0,4005.0,17283.0,19681.0,1962.0,161609.0,2774.0,188726.0,213374.0,-972.0
3/6/2025,Block-wise,,,,,,,,,,,,,,,,,,,,,,,,,,,,,,,,,,,,,,08:15,50.04,213898.0,6072.0,3902.0,23389.0,17708.0,1916.0,161577.0,2809.0,186607.0,217373.0,-1345.0
3/6/2025,Block-wise,,,,,,,,,,,,,,,,,,,,,,,,,,,,,,,,,,,,,,08:30,50.04,215915.0,6092.0,3589.0,29392.0,15750.0,1903.0,160029.0,2843.0,182934.0,219598.0,-1435.0
3/6/2025,Block-wise,,,,,,,,,,,,,,,,,,,,,,,,,,,,,,,,,,,,,,08:45,49.99,217708.0,6078.0,3162.0,34933.0,14481.0,1901.0,157981.0,2837.0,179613.0,221373.0,-1472.0
3/6/2025,Block-wise,,,,,,,,,,,,,,,,,,,,,,,,,,,,,,,,,,,,,,09:00,49.99,218859.0,6080.0,2937.0,39997.0,12820.0,1890.0,156012.0,2872.0,175925.0,222608.0,-1494.0
3/6/2025,Block-wise,,,,,,,,,,,,,,,,,,,,,,,,,,,,,,,,,,,,,,09:15,49.74,221964.0,6085.0,2447.0,44299.0,12117.0,1878.0,155853.0,2885.0,175218.0,225564.0,-1525.0
3/6/2025,Block-wise,,,,,,,,,,,,,,,,,,,,,,,,,,,,,,,,,,,,,,09:30,49.89,223929.0,6053.0,2045.0,48253.0,11348.0,1891.0,155176.0,2864.0,173631.0,227630.0,-1615.0
3/6/2025,Block-wise,,,,,,,,,,,,,,,,,,,,,,,,,,,,,,,,,,,,,,09:45,50.04,225898.0,6062.0,1832.0,51802.0,10614.0,1946.0,154463.0,2850.0,172264.0,229569.0,-1669.0
3/6/2025,Block-wise,,,,,,,,,,,,,,,,,,,,,,,,,,,,,,,,,,,,,,10:00,50.04,225476.0,6040.0,1727.0,54910.0,9448.0,1956.0,151604.0,2835.0,168839.0,228520.0,-1683.0
3/6/2025,Block-wise,,,,,,,,,,,,,,,,,,,,,,,,,,,,,,,,,,,,,,10:15,49.99,225439.0,6044.0,1665.0,58018.0,8296.0,1900.0,150278.0,2857.0,165756.0,229058.0,-1862.0
3/6/2025,Block-wise,,,,,,,,,,,,,,,,,,,,,,,,,,,,,,,,,,,,,,10:30,49.99,224559.0,6064.0,1603.0,60293.0,8131.0,1880.0,147531.0,2873.0,162663.0,228375.0,-1966.0
3/6/2025,Block-wise,,,,,,,,,,,,,,,,,,,,,,,,,,,,,,,,,,,,,,10:45,50.04,224689.0,6037.0,1461.0,62033.0,8144.0,1874.0,147047.0,2803.0,161195.0,229399.0,-2134.0
3/6/2025,Block-wise,,,,,,,,,,,,,,,,,,,,,,,,,,,,,,,,,,,,,,11:00,50.04,223292.0,6049.0,1473.0,63303.0,8330.0,1894.0,143973.0,2806.0,158516.0,227828.0,-2083.0
3/6/2025,Block-wise,,,,,,,,,,,,,,,,,,,,,,,,,,,,,,,,,,,,,,11:15,49.99,221698.0,6028.0,1519.0,64466.0,7404.0,1873.0,142470.0,2790.0,155713.0,226550.0,-2144.0
3/6/2025,Block-wise,,,,,,,,,,,,,,,,,,,,,,,,,,,,,,,,,,,,,,11:30,50.04,220828.0,6023.0,1623.0,64968.0,7174.0,1873.0,140994.0,2790.0,154237.0,225445.0,-2143.0
3/6/2025,Block-wise,,,,,,,,,,,,,,,,,,,,,,,,,,,,,,,,,,,,,,11:45,49.99,219179.0,6029.0,1674.0,65271.0,7185.0,1878.0,139067.0,2784.0,152234.0,223888.0,-2115.0
3/6/2025,Block-wise,,,,,,,,,,,,,,,,,,,,,,,,,,,,,,,,,,,,,,12:00,50.04,217778.0,6022.0,1654.0,65346.0,7513.0,1877.0,136810.0,2828.0,150778.0,222050.0,-2092.0
3/6/2025,Block-wise,,,,,,,,,,,,,,,,,,,,,,,,,,,,,,,,,,,,,,12:15,49.99,216517.0,6012.0,1653.0,65584.0,7449.0,1870.0,135371.0,2805.0,149280.0,220744.0,-2097.0
3/6/2025,Block-wise,,,,,,,,,,,,,,,,,,,,,,,,,,,,,,,,,,,,,,12:30,49.99,214906.0,5998.0,1625.0,65592.0,7358.0,1881.0,134083.0,2812.0,147689.0,219349.0,-2139.0
3/6/2025,Block-wise,,,,,,,,,,,,,,,,,,,,,,,,,,,,,,,,,,,,,,12:45,49.94,214533.0,6004.0,1703.0,65637.0,7142.0,1781.0,133656.0,2815.0,147193.0,218738.0,-2131.0
3/6/2025,Block-wise,,,,,,,,,,,,,,,,,,,,,,,,,,,,,,,,,,,,,,13:00,50.04,211903.0,6019.0,1720.0,65456.0,6826.0,1767.0,132167.0,2865.0,144727.0,216820.0,-2160.0
3/6/2025,Block-wise,,,,,,,,,,,,,,,,,,,,,,,,,,,,,,,,,,,,,,13:15,50.04,208519.0,6012.0,1798.0,65299.0,6181.0,1793.0,129977.0,2828.0,141422.0,213888.0,-2140.0
3/6/2025,Block-wise,,,,,,,,,,,,,,,,,,,,,,,,,,,,,,,,,,,,,,13:30,50.04,206794.0,6003.0,1868.0,64803.0,6058.0,1762.0,130024.0,2800.0,140123.0,213318.0,-2159.0
3/6/2025,Block-wise,,,,,,,,,,,,,,,,,,,,,,,,,,,,,,,,,,,,,,13:45,49.99,205068.0,5979.0,1893.0,64775.0,6058.0,1781.0,128594.0,2761.0,138400.0,211841.0,-2184.0
3/6/2025,Block-wise,,,,,,,,,,,,,,,,,,,,,,,,,,,,,,,,,,,,,,14:00,50.04,205754.0,5998.0,1959.0,64455.0,6506.0,1718.0,129744.0,2766.0,139340.0,213146.0,-2205.0
3/6/2025,Block-wise,,,,,,,,,,,,,,,,,,,,,,,,,,,,,,,,,,,,,,14:15,49.94,206070.0,5984.0,2051.0,63751.0,6293.0,1791.0,128802.0,2748.0,140268.0,211420.0,-2186.0
3/6/2025,Block-wise,,,,,,,,,,,,,,,,,,,,,,,,,,,,,,,,,,,,,,14:30,49.94,207023.0,5983.0,2142.0,62979.0,6546.0,1796.0,129154.0,2729.0,141902.0,211329.0,-2148.0
3/6/2025,Block-wise,,,,,,,,,,,,,,,,,,,,,,,,,,,,,,,,,,,,,,14:45,49.94,207624.0,5992.0,2146.0,61895.0,6921.0,1779.0,130032.0,2703.0,143583.0,211468.0,-2161.0
3/6/2025,Block-wise,,,,,,,,,,,,,,,,,,,,,,,,,,,,,,,,,,,,,,15:00,49.89,210506.0,5990.0,2561.0,58671.0,7174.0,1870.0,134944.0,2679.0,149274.0,213889.0,-2181.0
3/6/2025,Block-wise,,,,,,,,,,,,,,,,,,,,,,,,,,,,,,,,,,,,,,15:15,49.94,210218.0,5993.0,2604.0,54260.0,7301.0,1911.0,138257.0,2661.0,153354.0,212987.0,-2171.0
3/6/2025,Block-wise,,,,,,,,,,,,,,,,,,,,,,,,,,,,,,,,,,,,,,15:30,49.94,211835.0,5997.0,2680.0,54061.0,7864.0,1893.0,141620.0,2664.0,155094.0,216779.0,-2136.0
3/6/2025,Block-wise,,,,,,,,,,,,,,,,,,,,,,,,,,,,,,,,,,,,,,15:45,49.99,212018.0,5992.0,2660.0,50902.0,8096.0,2021.0,144662.0,2635.0,158456.0,216968.0,-2159.0
3/6/2025,Block-wise,,,,,,,,,,,,,,,,,,,,,,,,,,,,,,,,,,,,,,16:00,50.09,213905.0,5999.0,2693.0,47796.0,8288.0,2032.0,148448.0,2636.0,163416.0,217892.0,-2141.0
3/6/2025,Block-wise,,,,,,,,,,,,,,,,,,,,,,,,,,,,,,,,,,,,,,16:15,49.99,212376.0,6004.0,2778.0,44552.0,8660.0,2067.0,150392.0,2642.0,165046.0,217095.0,-2045.0
3/6/2025,Block-wise,,,,,,,,,,,,,,,,,,,,,,,,,,,,,,,,,,,,,,16:30,50.04,212063.0,6006.0,2647.0,40795.0,9252.0,2085.0,153380.0,2560.0,168621.0,216725.0,-1995.0
3/6/2025,Block-wise,,,,,,,,,,,,,,,,,,,,,,,,,,,,,,,,,,,,,,16:45,49.99,212140.0,6248.0,2767.0,34702.0,10031.0,2148.0,159588.0,2574.0,174671.0,218058.0,-1847.0
3/6/2025,Block-wise,,,,,,,,,,,,,,,,,,,,,,,,,,,,,,,,,,,,,,17:00,49.99,210861.0,6248.0,2739.0,29310.0,11573.0,2156.0,161049.0,2561.0,178812.0,215636.0,-1421.0
3/6/2025,Block-wise,,,,,,,,,,,,,,,,,,,,,,,,,,,,,,,,,,,,,,17:15,50.04,208058.0,6257.0,2695.0,23948.0,13982.0,2188.0,160792.0,2505.0,181415.0,212367.0,-949.0
3/6/2025,Block-wise,,,,,,,,,,,,,,,,,,,,,,,,,,,,,,,,,,,,,,17:30,49.99,206757.0,6247.0,2858.0,18523.0,16246.0,2204.0,162631.0,2543.0,185376.0,211252.0,-1069.0
3/6/2025,Block-wise,,,,,,,,,,,,,,,,,,,,,,,,,,,,,,,,,,,,,,17:45,50.04,204375.0,6276.0,2912.0,12914.0,18279.0,2222.0,164005.0,2577.0,188549.0,209185.0,-1012.0
3/6/2025,Block-wise,,,,,,,,,,,,,,,,,,,,,,,,,,,,,,,,,,,,,,18:00,49.89,202442.0,6308.0,2937.0,8273.0,18918.0,2237.0,166023.0,2504.0,191232.0,207200.0,-1022.0
3/6/2025,Block-wise,,,,,,,,,,,,,,,,,,,,,,,,,,,,,,,,,,,,,,18:15,49.89,199630.0,6323.0,2995.0,4539.0,20144.0,2238.0,165636.0,2586.0,192096.0,204461.0,-964.0
3/6/2025,Block-wise,,,,,,,,,,,,,,,,,,,,,,,,,,,,,,,,,,,,,,18:30,49.89,201523.0,6332.0,3105.0,2161.0,21861.0,2253.0,167829.0,2571.0,196257.0,206112.0,-948.0
3/6/2025,Block-wise,,,,,,,,,,,,,,,,,,,,,,,,,,,,,,,,,,,,,,18:45,49.94,203883.0,6326.0,3252.0,1077.0,23033.0,2324.0,170123.0,2549.0,199554.0,208684.0,-937.0
3/6/2025,Block-wise,,,,,,,,,,,,,,,,,,,,,,,,,,,,,,,,,,,,,,19:00,49.89,205693.0,6330.0,3418.0,800.0,23922.0,2346.0,170751.0,2594.0,201475.0,210161.0,-943.0
3/6/2025,Block-wise,,,,,,,,,,,,,,,,,,,,,,,,,,,,,,,,,,,,,,19:15,49.99,205231.0,6327.0,3509.0,728.0,23470.0,2307.0,170854.0,2565.0,200994.0,209760.0,-929.0
3/6/2025,Block-wise,,,,,,,,,,,,,,,,,,,,,,,,,,,,,,,,,,,,,,19:30,49.99,203315.0,6309.0,3725.0,673.0,22228.0,2323.0,169904.0,2561.0,198917.0,207723.0,-928.0
3/6/2025,Block-wise,,,,,,,,,,,,,,,,,,,,,,,,,,,,,,,,,,,,,,19:45,50.04,201966.0,6319.0,3932.0,663.0,21064.0,2316.0,169700.0,2576.0,197371.0,206570.0,-915.0
3/6/2025,Block-wise,,,,,,,,,,,,,,,,,,,,,,,,,,,,,,,,,,,,,,20:00,50.09,198807.0,6305.0,4185.0,673.0,19440.0,2336.0,167636.0,2596.0,193949.0,203171.0,-914.0
3/6/2025,Block-wise,,,,,,,,,,,,,,,,,,,,,,,,,,,,,,,,,,,,,,20:15,50.04,195605.0,6292.0,4424.0,617.0,16543.0,2371.0,167293.0,2605.0,190564.0,200145.0,-1013.0
3/6/2025,Block-wise,,,,,,,,,,,,,,,,,,,,,,,,,,,,,,,,,,,,,,20:30,50.04,193387.0,6298.0,4519.0,586.0,14739.0,2316.0,167032.0,2576.0,188282.0,198066.0,-1034.0
3/6/2025,Block-wise,,,,,,,,,,,,,,,,,,,,,,,,,,,,,,,,,,,,,,20:45,49.99,191320.0,6290.0,4498.0,519.0,13218.0,2301.0,166553.0,2596.0,186303.0,195975.0,-1032.0
3/6/2025,Block-wise,,,,,,,,,,,,,,,,,,,,,,,,,,,,,,,,,,,,,,21:00,50.09,188836.0,6297.0,4505.0,518.0,12053.0,2298.0,165169.0,2550.0,183813.0,193390.0,-1088.0
3/6/2025,Block-wise,,,,,,,,,,,,,,,,,,,,,,,,,,,,,,,,,,,,,,21:15,50.04,187226.0,6279.0,4542.0,518.0,10822.0,2289.0,165326.0,2576.0,182166.0,192352.0,-1480.0
3/6/2025,Block-wise,,,,,,,,,,,,,,,,,,,,,,,,,,,,,,,,,,,,,,21:30,50.04,185917.0,6270.0,4631.0,514.0,10377.0,2249.0,164381.0,2530.0,180772.0,190952.0,-1730.0
3/6/2025,Block-wise,,,,,,,,,,,,,,,,,,,,,,,,,,,,,,,,,,,,,,21:45,49.99,184963.0,6274.0,4717.0,513.0,10046.0,2154.0,164009.0,2553.0,179733.0,190266.0,-1722.0
3/6/2025,Block-wise,,,,,,,,,,,,,,,,,,,,,,,,,,,,,,,,,,,,,,22:00,50.04,182780.0,6241.0,4609.0,473.0,9467.0,2114.0,162760.0,2567.0,177698.0,188231.0,-1699.0
3/6/2025,Block-wise,,,,,,,,,,,,,,,,,,,,,,,,,,,,,,,,,,,,,,22:15,49.99,184722.0,6251.0,4647.0,471.0,9535.0,2035.0,164485.0,2629.0,179604.0,190053.0,-1707.0
3/6/2025,Block-wise,,,,,,,,,,,,,,,,,,,,,,,,,,,,,,,,,,,,,,22:30,49.99,184631.0,6255.0,4751.0,477.0,9576.0,1960.0,164278.0,2548.0,179403.0,189845.0,-1707.0
3/6/2025,Block-wise,,,,,,,,,,,,,,,,,,,,,,,,,,,,,,,,,,,,,,22:45,49.99,183051.0,6244.0,4785.0,478.0,9110.0,1954.0,163396.0,2606.0,177788.0,188573.0,-1726.0
3/6/2025,Block-wise,,,,,,,,,,,,,,,,,,,,,,,,,,,,,,,,,,,,,,23:00,49.99,181442.0,6246.0,4601.0,475.0,8816.0,1947.0,162114.0,2561.0,176366.0,186760.0,-1717.0
3/6/2025,Block-wise,,,,,,,,,,,,,,,,,,,,,,,,,,,,,,,,,,,,,,23:15,49.99,179945.0,6253.0,4409.0,474.0,8371.0,1953.0,161437.0,2598.0,175062.0,185495.0,-1732.0
3/6/2025,Block-wise,,,,,,,,,,,,,,,,,,,,,,,,,,,,,,,,,,,,,,23:30,49.99,179117.0,6246.0,4255.0,475.0,8273.0,1938.0,160788.0,2564.0,174387.0,184539.0,-1728.0
3/6/2025,Block-wise,,,,,,,,,,,,,,,,,,,,,,,,,,,,,,,,,,,,,,23:45,50.04,177998.0,6241.0,4277.0,474.0,7947.0,1977.0,159926.0,2564.0,173247.0,183406.0,-1660.0
