Date,Import,Voltage Level,Line Details,No. of Circuit,Max Import (MW),Max Export (MW),Import (MU),Export (MU),NET Import (MU)
4/19/2025,ER-NR,HVDC,ALIPURDUAR-AGRA,2,0,0,0,0,0
4/19/2025,ER-NR,HVDC,PUSAULI  B/B,,0,47,0,2.46,-2.46
4/19/2025,ER-NR,765 kV,GAYA-VARANASI,2,1057,707,0,0.45,-0.45
4/19/2025,ER-NR,765 kV,SASARAM-FATEHPUR,1,448,428,0,1.1,-1.1
4/19/2025,ER-NR,765 kV,GAYA-BALIA,1,271,640,0,5.19,-5.19
4/19/2025,ER-NR,400 kV,PUSAULI-VARANASI,1,0,157,0,1.9,-1.9
4/19/2025,ER-NR,400 kV,PUSAULI -ALLAHABAD,1,65,76,0,0.5,-0.5
4/19/2025,ER-NR,400 kV,MUZAFFARPUR-GORAKHPUR,2,886,458,1.6,0,1.6
4/19/2025,ER-NR,400 kV,PATNA-BALIA,2,525,702,0,4.88,-4.88
4/19/2025,ER-NR,400 kV,NAUBATPUR-BALIA,2,224,212,0,0.89,-0.89
4/19/2025,ER-NR,400 kV,BIHARSHARIFF-BALIA,2,739,127,5.1,0,5.1
4/19/2025,ER-NR,400 kV,MOTIHARI-GORAKHPUR,2,634,400,1.48,0,1.48
4/19/2025,ER-NR,400 kV,BIHARSARIFF-SAHUPURI,2,0,0,0,0.89,-0.89
4/19/2025,ER-NR,220 kV,SAHUPURI-KARAMNASA,1,11,49,0.17,0,0.17
4/19/2025,ER-NR,132 kV,NAGAR UNTARI-RIHAND,1,0,0,0.13,0,0.13
4/19/2025,ER-NR,132 kV,GARWAH-RIHAND,1,30,0,0.69,0,0.69
4/19/2025,ER-NR,132 kV,KARMANASA-SAHUPURI,1,0,0,0,0,0
4/19/2025,ER-NR,132 kV,KARMANASA-CHANDAULI,1,0,0,0,0,0
4/19/2025,ER-NR,,Total,,,,9.17,18.26,-9.09
4/19/2025,ER-WR,765 kV,JHARSUGUDA-DHARAMJAIGARH,4,1621,1179,0,0.43,-0.43
4/19/2025,ER-WR,765 kV,NEW RANCHI-DHARAMJAIGARH ,2,992,1178,1.2,0,1.2
4/19/2025,ER-WR,765 kV,JHARSUGUDA-DURG,2,0,1317,0,20.2,-20.2
4/19/2025,ER-WR,400 kV,JHARSUGUDA-RAIGARH,4,0,724,0,10.46,-10.46
4/19/2025,ER-WR,400 kV,RANCHI-SIPAT,2,174,476,0,3.13,-3.13
4/19/2025,ER-WR,220 kV,BUDHIPADAR-RAIGARH,1,23,142,0,1.96,-1.96
4/19/2025,ER-WR,220 kV,BUDHIPADAR-KORBA,2,138,94,0,0.22,-0.22
4/19/2025,ER-WR,,Total,,,,1.2,36.4,-35.2
4/19/2025,ER-SR,HVDC,JEYPORE-GAZUWAKA B/B,2,112,114,0.05,0,0.05
4/19/2025,ER-SR,HVDC,TALCHER-KOLAR BIPOLE,2,0,1770,0,45.42,-45.42
4/19/2025,ER-SR,765 kV,ANGUL-SRIKAKULAM,2,0,3003,0,50.58,-50.58
4/19/2025,ER-SR,400 kV,TALCHER-I/C,2,268,989,0,6.56,-6.56
4/19/2025,ER-SR,220 kV,BALIMELA-UPPER-SILERRU,1,0,0,0,0,0
4/19/2025,ER-SR,,Total,,,,0.05,96,-95.95
4/19/2025,ER-NER,400 kV,BINAGURI-BONGAIGAON,2,306,124,3.16,0.4,2.76
4/19/2025,ER-NER,400 kV,ALIPURDUAR-BONGAIGAON,2,510,119,4.66,0,4.66
4/19/2025,ER-NER,220 kV,ALIPURDUAR-SALAKATI,2,88,16,0.96,0,0.96
4/19/2025,ER-NER,,Total,,,,8.78,0.4,8.38
4/19/2025,NR-NER,HVDC,BISWANATH CHARIALI-AGRA,2,958,0,22.57,0,22.57
4/19/2025,NR-NER,,Total,,,,22.57,0,22.57
4/19/2025,WR-NR,HVDC,CHAMPA-KURUKSHETRA,2,0,1946,0,50,-50
4/19/2025,WR-NR,HVDC,VINDHYACHAL B/B,,98,0,2.44,0,2.44
4/19/2025,WR-NR,HVDC,MUNDRA-MOHINDERGARH,2,0,1455,0,23.39,-23.39
4/19/2025,WR-NR,765 kV,GWALIOR-AGRA,2,734,1811,4.36,11.57,-7.21
4/19/2025,WR-NR,765 kV,GWALIOR-PHAGI,2,1894,1165,12.54,9.81,2.73
4/19/2025,WR-NR,765 kV,JABALPUR-ORAI,2,640,1042,0,5.75,-5.75
4/19/2025,WR-NR,765 kV,GWALIOR-ORAI,1,838,34,12.21,0.02,12.19
4/19/2025,WR-NR,765 kV,SATNA-ORAI,1,0,1224,0,17,-17
4/19/2025,WR-NR,765 kV,BANASKANTHA-CHITORGARH,2,530,767,2.87,3.21,-0.34
4/19/2025,WR-NR,765 kV,VINDHYACHAL-VARANASI,2,0,2752,0,38.97,-38.97
4/19/2025,WR-NR,400 kV,ZERDA-KANKROLI,1,264,122,2.7,0.27,2.43
4/19/2025,WR-NR,400 kV,ZERDA -BHINMAL,1,182,85,1.86,0.19,1.67
4/19/2025,WR-NR,400 kV,VINDHYACHAL -RIHAND,1,969,0,19.8,0,19.8
4/19/2025,WR-NR,400 kV,RAPP-SHUJALPUR,2,750,331,6.2,1.37,4.83
4/19/2025,WR-NR,400 kV,NEEMUCH-Chittorgarh,2,851,350,8.52,1.06,7.46
4/19/2025,WR-NR,220 kV,BHANPURA-RANPUR,1,0,148,0,2.69,-2.69
4/19/2025,WR-NR,220 kV,BHANPURA-MORAK,1,0,30,0,2.46,-2.46
4/19/2025,WR-NR,220 kV,MEHGAON-AURAIYA,1,108,0,1.41,0,1.41
4/19/2025,WR-NR,220 kV,MALANPUR-AURAIYA,1,84,8,0.97,0,0.97
4/19/2025,WR-NR,132 kV,GWALIOR-SAWAI MADHOPUR,1,0,0,0,0,0
4/19/2025,WR-NR,132 kV,RAJGHAT-LALITPUR,2,0,0,0,0,0
4/19/2025,WR-NR,,Total,,,,75.88,167.76,-91.88
4/19/2025,WR-SR,HVDC,BHADRAWATI B/B,,0,1012,0,23.98,-23.98
4/19/2025,WR-SR,HVDC,RAIGARH-PUGALUR,2,0,6036,0,105.93,-105.93
4/19/2025,WR-SR,765 kV,SOLAPUR-RAICHUR,2,1371,1144,10.55,3.99,6.56
4/19/2025,WR-SR,765 kV,WARDHA-NIZAMABAD,2,0,2316,0,29.14,-29.14
4/19/2025,WR-SR,765 kV,WARORA-WARANGAL(NEW),2,0,2591,0,33.93,-33.93
4/19/2025,WR-SR,400 kV,KOLHAPUR-KUDGI,2,1787,0,27.62,0,27.62
4/19/2025,WR-SR,220 kV,KOLHAPUR-CHIKODI,2,0,0,0,0,0
4/19/2025,WR-SR,220 kV,PONDA-AMBEWADI,1,0,0,0,0,0
4/19/2025,WR-SR,220 kV,XELDEM-AMBEWADI,1,0,119,2.37,0,2.37
4/19/2025,WR-SR,,Total,,,,40.54,196.97,-156.43
