DateID,ActualDate,DayOfWeek,DayOfMonth,Month,Quarter,Year
1,2023-04-01,Saturday,1,4,2,2023
2,2023-04-02,Sunday,2,4,2,2023
3,2023-04-03,Monday,3,4,2,2023
4,2023-04-04,Tuesday,4,4,2,2023
5,2023-04-05,Wednesday,5,4,2,2023
6,2023-04-06,Thursday,6,4,2,2023
7,2023-04-07,Friday,7,4,2,2023
8,2023-04-08,Saturday,8,4,2,2023
9,2023-04-09,Sunday,9,4,2,2023
10,2023-04-10,Monday,10,4,2,2023
11,2023-04-11,Tuesday,11,4,2,2023
12,2023-04-12,Wednesday,12,4,2,2023
13,2023-04-13,Thursday,13,4,2,2023
14,2023-04-14,Friday,14,4,2,2023
15,2023-04-15,Saturday,15,4,2,2023
16,2023-04-16,Sunday,16,4,2,2023
17,2023-04-17,Monday,17,4,2,2023
18,2023-04-18,Tuesday,18,4,2,2023
19,2023-04-19,Wednesday,19,4,2,2023
20,2023-04-20,Thursday,20,4,2,2023
21,2023-04-21,Friday,21,4,2,2023
22,2023-04-22,Saturday,22,4,2,2023
23,2023-04-23,Sunday,23,4,2,2023
24,2023-04-24,Monday,24,4,2,2023
25,2023-04-25,Tuesday,25,4,2,2023
26,2023-04-26,Wednesday,26,4,2,2023
27,2023-04-27,Thursday,27,4,2,2023
28,2023-04-28,Friday,28,4,2,2023
29,2023-04-29,Saturday,29,4,2,2023
30,2023-04-30,Sunday,30,4,2,2023
31,2023-05-01,Monday,1,5,2,2023
32,2023-05-02,Tuesday,2,5,2,2023
33,2023-05-03,Wednesday,3,5,2,2023
34,2023-05-04,Thursday,4,5,2,2023
35,2023-05-05,Friday,5,5,2,2023
36,2023-05-06,Saturday,6,5,2,2023
37,2023-05-07,Sunday,7,5,2,2023
38,2023-05-08,Monday,8,5,2,2023
39,2023-05-09,Tuesday,9,5,2,2023
40,2023-05-10,Wednesday,10,5,2,2023
41,2023-05-11,Thursday,11,5,2,2023
42,2023-05-12,Friday,12,5,2,2023
43,2023-05-13,Saturday,13,5,2,2023
44,2023-05-15,Monday,15,5,2,2023
45,2023-05-16,Tuesday,16,5,2,2023
46,2023-05-17,Wednesday,17,5,2,2023
47,2023-05-18,Thursday,18,5,2,2023
48,2023-05-19,Friday,19,5,2,2023
49,2023-05-20,Saturday,20,5,2,2023
50,2023-05-21,Sunday,21,5,2,2023
51,2023-05-22,Monday,22,5,2,2023
52,2023-05-23,Tuesday,23,5,2,2023
53,2023-05-24,Wednesday,24,5,2,2023
54,2023-05-25,Thursday,25,5,2,2023
55,2023-05-26,Friday,26,5,2,2023
56,2023-05-27,Saturday,27,5,2,2023
57,2023-05-28,Sunday,28,5,2,2023
58,2023-05-29,Monday,29,5,2,2023
59,2023-05-30,Tuesday,30,5,2,2023
60,2023-05-31,Wednesday,31,5,2,2023
61,2023-06-01,Thursday,1,6,2,2023
62,2023-06-02,Friday,2,6,2,2023
63,2023-06-03,Saturday,3,6,2,2023
64,2023-06-04,Sunday,4,6,2,2023
65,2023-06-05,Monday,5,6,2,2023
66,2023-06-06,Tuesday,6,6,2,2023
67,2023-06-07,Wednesday,7,6,2,2023
68,2023-06-08,Thursday,8,6,2,2023
69,2023-06-09,Friday,9,6,2,2023
70,2023-06-10,Saturday,10,6,2,2023
71,2023-06-11,Sunday,11,6,2,2023
72,2023-06-12,Monday,12,6,2,2023
73,2023-06-13,Tuesday,13,6,2,2023
74,2023-06-14,Wednesday,14,6,2,2023
75,2023-06-15,Thursday,15,6,2,2023
76,2023-06-16,Friday,16,6,2,2023
77,2023-06-17,Saturday,17,6,2,2023
78,2023-06-18,Sunday,18,6,2,2023
79,2023-06-19,Monday,19,6,2,2023
80,2023-06-20,Tuesday,20,6,2,2023
81,2023-06-21,Wednesday,21,6,2,2023
82,2023-06-22,Thursday,22,6,2,2023
83,2023-06-23,Friday,23,6,2,2023
84,2023-06-24,Saturday,24,6,2,2023
85,2023-06-25,Sunday,25,6,2,2023
86,2023-06-26,Monday,26,6,2,2023
87,2023-06-27,Tuesday,27,6,2,2023
88,2023-06-28,Wednesday,28,6,2,2023
89,2023-06-29,Thursday,29,6,2,2023
90,2023-06-30,Friday,30,6,2,2023
91,2023-07-01,Saturday,1,7,3,2023
92,2023-07-02,Sunday,2,7,3,2023
93,2023-07-03,Monday,3,7,3,2023
94,2023-07-04,Tuesday,4,7,3,2023
95,2023-07-05,Wednesday,5,7,3,2023
96,2023-07-06,Thursday,6,7,3,2023
97,2023-07-07,Friday,7,7,3,2023
98,2023-07-08,Saturday,8,7,3,2023
99,2023-07-09,Sunday,9,7,3,2023
100,2023-07-10,Monday,10,7,3,2023
101,2023-07-11,Tuesday,11,7,3,2023
102,2023-07-12,Wednesday,12,7,3,2023
103,2023-07-13,Thursday,13,7,3,2023
104,2023-07-14,Friday,14,7,3,2023
105,2023-07-15,Saturday,15,7,3,2023
106,2023-07-16,Sunday,16,7,3,2023
107,2023-07-17,Monday,17,7,3,2023
108,2023-07-18,Tuesday,18,7,3,2023
109,2023-07-19,Wednesday,19,7,3,2023
110,2023-07-20,Thursday,20,7,3,2023
111,2023-07-21,Friday,21,7,3,2023
112,2023-07-22,Saturday,22,7,3,2023
113,2023-07-23,Sunday,23,7,3,2023
114,2023-07-24,Monday,24,7,3,2023
115,2023-07-25,Tuesday,25,7,3,2023
116,2023-07-26,Wednesday,26,7,3,2023
117,2023-07-27,Thursday,27,7,3,2023
118,2023-07-28,Friday,28,7,3,2023
119,2023-07-29,Saturday,29,7,3,2023
120,2023-07-30,Sunday,30,7,3,2023
121,2023-07-31,Monday,31,7,3,2023
122,2023-08-01,Tuesday,1,8,3,2023
123,2023-08-02,Wednesday,2,8,3,2023
124,2023-08-03,Thursday,3,8,3,2023
125,2023-08-04,Friday,4,8,3,2023
126,2023-08-05,Saturday,5,8,3,2023
127,2023-08-06,Sunday,6,8,3,2023
128,2023-08-07,Monday,7,8,3,2023
129,2023-08-08,Tuesday,8,8,3,2023
130,2023-08-09,Wednesday,9,8,3,2023
131,2023-08-10,Thursday,10,8,3,2023
132,2023-08-11,Friday,11,8,3,2023
133,2023-08-12,Saturday,12,8,3,2023
134,2023-08-13,Sunday,13,8,3,2023
135,2023-08-14,Monday,14,8,3,2023
136,2023-08-15,Tuesday,15,8,3,2023
137,2023-08-16,Wednesday,16,8,3,2023
138,2023-08-17,Thursday,17,8,3,2023
139,2023-08-18,Friday,18,8,3,2023
140,2023-08-19,Saturday,19,8,3,2023
141,2023-08-20,Sunday,20,8,3,2023
142,2023-08-21,Monday,21,8,3,2023
143,2023-08-22,Tuesday,22,8,3,2023
144,2023-08-23,Wednesday,23,8,3,2023
145,2023-08-24,Thursday,24,8,3,2023
146,2023-08-25,Friday,25,8,3,2023
147,2023-08-26,Saturday,26,8,3,2023
148,2023-08-27,Sunday,27,8,3,2023
149,2023-08-28,Monday,28,8,3,2023
150,2023-08-29,Tuesday,29,8,3,2023
151,2023-08-30,Wednesday,30,8,3,2023
152,2023-08-31,Thursday,31,8,3,2023
153,2023-09-01,Friday,1,9,3,2023
154,2023-09-02,Saturday,2,9,3,2023
155,2023-09-03,Sunday,3,9,3,2023
156,2023-09-04,Monday,4,9,3,2023
157,2023-09-05,Tuesday,5,9,3,2023
158,2023-09-06,Wednesday,6,9,3,2023
159,2023-09-07,Thursday,7,9,3,2023
160,2023-09-08,Friday,8,9,3,2023
161,2023-09-09,Saturday,9,9,3,2023
162,2023-09-10,Sunday,10,9,3,2023
163,2023-09-11,Monday,11,9,3,2023
164,2023-09-12,Tuesday,12,9,3,2023
165,2023-09-13,Wednesday,13,9,3,2023
166,2023-09-14,Thursday,14,9,3,2023
167,2023-09-15,Friday,15,9,3,2023
168,2023-09-16,Saturday,16,9,3,2023
169,2023-09-17,Sunday,17,9,3,2023
170,2023-09-18,Monday,18,9,3,2023
171,2023-09-19,Tuesday,19,9,3,2023
172,2023-09-20,Wednesday,20,9,3,2023
173,2023-09-21,Thursday,21,9,3,2023
174,2023-09-22,Friday,22,9,3,2023
175,2023-09-23,Saturday,23,9,3,2023
176,2023-09-24,Sunday,24,9,3,2023
177,2023-09-25,Monday,25,9,3,2023
178,2023-09-26,Tuesday,26,9,3,2023
179,2023-09-27,Wednesday,27,9,3,2023
180,2023-09-28,Thursday,28,9,3,2023
181,2023-09-29,Friday,29,9,3,2023
182,2023-09-30,Saturday,30,9,3,2023
183,2023-10-01,Sunday,1,10,4,2023
184,2023-10-02,Monday,2,10,4,2023
185,2023-10-03,Tuesday,3,10,4,2023
186,2023-10-04,Wednesday,4,10,4,2023
187,2023-10-05,Thursday,5,10,4,2023
188,2023-10-06,Friday,6,10,4,2023
189,2023-10-07,Saturday,7,10,4,2023
190,2023-10-08,Sunday,8,10,4,2023
191,2023-10-09,Monday,9,10,4,2023
192,2023-10-10,Tuesday,10,10,4,2023
193,2023-10-11,Wednesday,11,10,4,2023
194,2023-10-12,Thursday,12,10,4,2023
195,2023-10-13,Friday,13,10,4,2023
196,2023-10-14,Saturday,14,10,4,2023
197,2023-10-15,Sunday,15,10,4,2023
198,2023-10-16,Monday,16,10,4,2023
199,2023-10-17,Tuesday,17,10,4,2023
200,2023-10-18,Wednesday,18,10,4,2023
201,2023-10-19,Thursday,19,10,4,2023
202,2023-10-20,Friday,20,10,4,2023
203,2023-10-21,Saturday,21,10,4,2023
204,2023-10-22,Sunday,22,10,4,2023
205,2023-10-23,Monday,23,10,4,2023
206,2023-10-24,Tuesday,24,10,4,2023
207,2023-10-25,Wednesday,25,10,4,2023
208,2023-10-26,Thursday,26,10,4,2023
209,2023-10-27,Friday,27,10,4,2023
210,2023-10-28,Saturday,28,10,4,2023
211,2023-10-29,Sunday,29,10,4,2023
212,2023-10-30,Monday,30,10,4,2023
213,2023-10-31,Tuesday,31,10,4,2023
214,2023-11-01,Wednesday,1,11,4,2023
215,2023-11-02,Thursday,2,11,4,2023
216,2023-11-03,Friday,3,11,4,2023
217,2023-11-04,Saturday,4,11,4,2023
218,2023-11-05,Sunday,5,11,4,2023
219,2023-11-06,Monday,6,11,4,2023
220,2023-11-07,Tuesday,7,11,4,2023
221,2023-11-08,Wednesday,8,11,4,2023
222,2023-11-09,Thursday,9,11,4,2023
223,2023-11-10,Friday,10,11,4,2023
224,2023-11-11,Saturday,11,11,4,2023
225,2023-11-12,Sunday,12,11,4,2023
226,2023-11-13,Monday,13,11,4,2023
227,2023-11-14,Tuesday,14,11,4,2023
228,2023-11-15,Wednesday,15,11,4,2023
229,2023-11-16,Thursday,16,11,4,2023
230,2023-11-17,Friday,17,11,4,2023
231,2023-11-18,Saturday,18,11,4,2023
232,2023-11-19,Sunday,19,11,4,2023
233,2023-11-20,Monday,20,11,4,2023
234,2023-11-21,Tuesday,21,11,4,2023
235,2023-11-22,Wednesday,22,11,4,2023
236,2023-11-23,Thursday,23,11,4,2023
237,2023-11-24,Friday,24,11,4,2023
238,2023-11-25,Saturday,25,11,4,2023
239,2023-11-26,Sunday,26,11,4,2023
240,2023-11-27,Monday,27,11,4,2023
241,2023-11-28,Tuesday,28,11,4,2023
242,2023-11-29,Wednesday,29,11,4,2023
243,2023-11-30,Thursday,30,11,4,2023
244,2023-12-01,Friday,1,12,4,2023
245,2023-12-02,Saturday,2,12,4,2023
246,2023-12-03,Sunday,3,12,4,2023
247,2023-12-04,Monday,4,12,4,2023
248,2023-12-05,Tuesday,5,12,4,2023
249,2023-12-06,Wednesday,6,12,4,2023
250,2023-12-07,Thursday,7,12,4,2023
251,2023-12-08,Friday,8,12,4,2023
252,2023-12-09,Saturday,9,12,4,2023
253,2023-12-10,Sunday,10,12,4,2023
254,2023-12-11,Monday,11,12,4,2023
255,2023-12-12,Tuesday,12,12,4,2023
256,2023-12-13,Wednesday,13,12,4,2023
257,2023-12-14,Thursday,14,12,4,2023
258,2023-12-15,Friday,15,12,4,2023
259,2023-12-16,Saturday,16,12,4,2023
260,2023-12-17,Sunday,17,12,4,2023
261,2023-12-18,Monday,18,12,4,2023
262,2023-12-19,Tuesday,19,12,4,2023
263,2023-12-20,Wednesday,20,12,4,2023
264,2023-12-21,Thursday,21,12,4,2023
265,2023-12-22,Friday,22,12,4,2023
266,2023-12-23,Saturday,23,12,4,2023
267,2023-12-24,Sunday,24,12,4,2023
268,2023-12-25,Monday,25,12,4,2023
269,2023-12-26,Tuesday,26,12,4,2023
270,2023-12-27,Wednesday,27,12,4,2023
271,2023-12-28,Thursday,28,12,4,2023
272,2023-12-29,Friday,29,12,4,2023
273,2023-12-30,Saturday,30,12,4,2023
274,2023-12-31,Sunday,31,12,4,2023
275,2024-01-01,Monday,1,1,1,2024
276,2024-01-02,Tuesday,2,1,1,2024
277,2024-01-03,Wednesday,3,1,1,2024
278,2024-01-04,Thursday,4,1,1,2024
279,2024-01-05,Friday,5,1,1,2024
280,2024-01-06,Saturday,6,1,1,2024
281,2024-01-07,Sunday,7,1,1,2024
282,2024-01-08,Monday,8,1,1,2024
283,2024-01-09,Tuesday,9,1,1,2024
284,2024-01-10,Wednesday,10,1,1,2024
285,2024-01-11,Thursday,11,1,1,2024
286,2024-01-12,Friday,12,1,1,2024
287,2024-01-13,Saturday,13,1,1,2024
288,2024-01-14,Sunday,14,1,1,2024
289,2024-01-15,Monday,15,1,1,2024
290,2024-01-16,Tuesday,16,1,1,2024
291,2024-01-17,Wednesday,17,1,1,2024
292,2024-01-18,Thursday,18,1,1,2024
293,2024-01-19,Friday,19,1,1,2024
294,2024-01-20,Saturday,20,1,1,2024
295,2024-01-21,Sunday,21,1,1,2024
296,2024-01-22,Monday,22,1,1,2024
297,2024-01-23,Tuesday,23,1,1,2024
298,2024-01-24,Wednesday,24,1,1,2024
299,2024-01-25,Thursday,25,1,1,2024
300,2024-01-26,Friday,26,1,1,2024
301,2024-01-27,Saturday,27,1,1,2024
302,2024-01-28,Sunday,28,1,1,2024
303,2024-01-29,Monday,29,1,1,2024
304,2024-01-30,Tuesday,30,1,1,2024
305,2024-01-31,Wednesday,31,1,1,2024
306,2024-02-01,Thursday,1,2,1,2024
307,2024-02-02,Friday,2,2,1,2024
308,2024-02-03,Saturday,3,2,1,2024
309,2024-02-04,Sunday,4,2,1,2024
310,2024-02-05,Monday,5,2,1,2024
311,2024-02-06,Tuesday,6,2,1,2024
312,2024-02-07,Wednesday,7,2,1,2024
313,2024-02-08,Thursday,8,2,1,2024
314,2024-02-09,Friday,9,2,1,2024
315,2024-02-10,Saturday,10,2,1,2024
316,2024-02-11,Sunday,11,2,1,2024
317,2024-02-12,Monday,12,2,1,2024
318,2024-02-13,Tuesday,13,2,1,2024
319,2024-02-14,Wednesday,14,2,1,2024
320,2024-02-15,Thursday,15,2,1,2024
321,2024-02-16,Friday,16,2,1,2024
322,2024-02-17,Saturday,17,2,1,2024
323,2024-02-18,Sunday,18,2,1,2024
324,2024-02-19,Monday,19,2,1,2024
325,2024-02-20,Tuesday,20,2,1,2024
326,2024-02-21,Wednesday,21,2,1,2024
327,2024-02-22,Thursday,22,2,1,2024
328,2024-02-23,Friday,23,2,1,2024
329,2024-02-24,Saturday,24,2,1,2024
330,2024-02-25,Sunday,25,2,1,2024
331,2024-02-26,Monday,26,2,1,2024
332,2024-02-27,Tuesday,27,2,1,2024
333,2024-02-28,Wednesday,28,2,1,2024
334,2024-02-29,Thursday,29,2,1,2024
335,2024-03-01,Friday,1,3,1,2024
336,2024-03-02,Saturday,2,3,1,2024
337,2024-03-03,Sunday,3,3,1,2024
338,2024-03-04,Monday,4,3,1,2024
339,2024-03-05,Tuesday,5,3,1,2024
340,2024-03-06,Wednesday,6,3,1,2024
341,2024-03-07,Thursday,7,3,1,2024
342,2024-03-08,Friday,8,3,1,2024
343,2024-03-09,Saturday,9,3,1,2024
344,2024-03-10,Sunday,10,3,1,2024
345,2024-03-11,Monday,11,3,1,2024
346,2024-03-12,Tuesday,12,3,1,2024
347,2024-03-13,Wednesday,13,3,1,2024
348,2024-03-14,Thursday,14,3,1,2024
349,2024-03-15,Friday,15,3,1,2024
350,2024-03-16,Saturday,16,3,1,2024
351,2024-03-17,Sunday,17,3,1,2024
352,2024-03-18,Monday,18,3,1,2024
353,2024-03-19,Tuesday,19,3,1,2024
354,2024-03-20,Wednesday,20,3,1,2024
355,2024-03-21,Thursday,21,3,1,2024
356,2024-03-22,Friday,22,3,1,2024
357,2024-03-23,Saturday,23,3,1,2024
358,2024-03-24,Sunday,24,3,1,2024
359,2024-03-25,Monday,25,3,1,2024
360,2024-03-26,Tuesday,26,3,1,2024
361,2024-03-27,Wednesday,27,3,1,2024
362,2024-03-28,Thursday,28,3,1,2024
363,2024-03-29,Friday,29,3,1,2024
364,2024-03-30,Saturday,30,3,1,2024
365,2024-03-31,Sunday,31,3,1,2024
366,2024-04-01,Monday,1,4,2,2024
367,2024-04-02,Tuesday,2,4,2,2024
368,2024-04-03,Wednesday,3,4,2,2024
369,2024-04-04,Thursday,4,4,2,2024
370,2024-04-05,Friday,5,4,2,2024
371,2024-04-06,Saturday,6,4,2,2024
372,2024-04-07,Sunday,7,4,2,2024
373,2024-04-08,Monday,8,4,2,2024
374,2024-04-09,Tuesday,9,4,2,2024
375,2024-04-10,Wednesday,10,4,2,2024
376,2024-04-11,Thursday,11,4,2,2024
377,2024-04-12,Friday,12,4,2,2024
378,2024-04-13,Saturday,13,4,2,2024
379,2024-04-14,Sunday,14,4,2,2024
380,2024-04-15,Monday,15,4,2,2024
381,2024-04-16,Tuesday,16,4,2,2024
382,2024-04-17,Wednesday,17,4,2,2024
383,2024-04-18,Thursday,18,4,2,2024
384,2024-04-19,Friday,19,4,2,2024
385,2024-04-20,Saturday,20,4,2,2024
386,2024-04-21,Sunday,21,4,2,2024
387,2024-04-22,Monday,22,4,2,2024
388,2024-04-23,Tuesday,23,4,2,2024
389,2024-04-24,Wednesday,24,4,2,2024
390,2024-04-25,Thursday,25,4,2,2024
391,2024-04-26,Friday,26,4,2,2024
392,2024-04-27,Saturday,27,4,2,2024
393,2024-04-28,Sunday,28,4,2,2024
394,2024-04-29,Monday,29,4,2,2024
395,2024-04-30,Tuesday,30,4,2,2024
396,2024-05-01,Wednesday,1,5,2,2024
397,2024-05-02,Thursday,2,5,2,2024
398,2024-05-03,Friday,3,5,2,2024
399,2024-05-04,Saturday,4,5,2,2024
400,2024-05-05,Sunday,5,5,2,2024
401,2024-05-06,Monday,6,5,2,2024
402,2024-05-07,Tuesday,7,5,2,2024
403,2024-05-08,Wednesday,8,5,2,2024
404,2024-05-09,Thursday,9,5,2,2024
405,2024-05-10,Friday,10,5,2,2024
406,2024-05-11,Saturday,11,5,2,2024
407,2024-05-12,Sunday,12,5,2,2024
408,2024-05-13,Monday,13,5,2,2024
409,2024-05-14,Tuesday,14,5,2,2024
410,2024-05-15,Wednesday,15,5,2,2024
411,2024-05-16,Thursday,16,5,2,2024
412,2024-05-17,Friday,17,5,2,2024
413,2024-05-18,Saturday,18,5,2,2024
414,2024-05-19,Sunday,19,5,2,2024
415,2024-05-20,Monday,20,5,2,2024
416,2024-05-21,Tuesday,21,5,2,2024
417,2024-05-22,Wednesday,22,5,2,2024
418,2024-05-23,Thursday,23,5,2,2024
419,2024-05-24,Friday,24,5,2,2024
420,2024-05-25,Saturday,25,5,2,2024
421,2024-05-26,Sunday,26,5,2,2024
422,2024-05-27,Monday,27,5,2,2024
423,2024-05-28,Tuesday,28,5,2,2024
424,2024-05-29,Wednesday,29,5,2,2024
425,2024-05-30,Thursday,30,5,2,2024
426,2024-05-31,Friday,31,5,2,2024
427,2024-06-01,Saturday,1,6,2,2024
428,2024-06-02,Sunday,2,6,2,2024
429,2024-06-03,Monday,3,6,2,2024
430,2024-06-04,Tuesday,4,6,2,2024
431,2024-06-05,Wednesday,5,6,2,2024
432,2024-06-06,Thursday,6,6,2,2024
433,2024-06-07,Friday,7,6,2,2024
434,2024-06-08,Saturday,8,6,2,2024
435,2024-06-09,Sunday,9,6,2,2024
436,2024-06-10,Monday,10,6,2,2024
437,2024-06-11,Tuesday,11,6,2,2024
438,2024-06-12,Wednesday,12,6,2,2024
439,2024-06-13,Thursday,13,6,2,2024
440,2024-06-14,Friday,14,6,2,2024
441,2024-06-15,Saturday,15,6,2,2024
442,2024-06-16,Sunday,16,6,2,2024
443,2024-06-17,Monday,17,6,2,2024
444,2024-06-18,Tuesday,18,6,2,2024
445,2024-06-19,Wednesday,19,6,2,2024
446,2024-06-20,Thursday,20,6,2,2024
447,2024-06-21,Friday,21,6,2,2024
448,2024-06-22,Saturday,22,6,2,2024
449,2024-06-23,Sunday,23,6,2,2024
450,2024-06-24,Monday,24,6,2,2024
451,2024-06-25,Tuesday,25,6,2,2024
452,2024-06-26,Wednesday,26,6,2,2024
453,2024-06-27,Thursday,27,6,2,2024
454,2024-06-28,Friday,28,6,2,2024
455,2024-06-29,Saturday,29,6,2,2024
456,2024-06-30,Sunday,30,6,2,2024
457,2024-07-01,Monday,1,7,3,2024
458,2024-07-02,Tuesday,2,7,3,2024
459,2024-07-03,Wednesday,3,7,3,2024
460,2024-07-04,Thursday,4,7,3,2024
461,2024-07-05,Friday,5,7,3,2024
462,2024-07-06,Saturday,6,7,3,2024
463,2024-07-07,Sunday,7,7,3,2024
464,2024-07-08,Monday,8,7,3,2024
465,2024-07-09,Tuesday,9,7,3,2024
466,2024-07-10,Wednesday,10,7,3,2024
467,2024-07-11,Thursday,11,7,3,2024
468,2024-07-12,Friday,12,7,3,2024
469,2024-07-13,Saturday,13,7,3,2024
470,2024-07-14,Sunday,14,7,3,2024
471,2024-07-15,Monday,15,7,3,2024
472,2024-07-16,Tuesday,16,7,3,2024
473,2024-07-17,Wednesday,17,7,3,2024
474,2024-07-18,Thursday,18,7,3,2024
475,2024-07-19,Friday,19,7,3,2024
476,2024-07-20,Saturday,20,7,3,2024
477,2024-07-21,Sunday,21,7,3,2024
478,2024-07-22,Monday,22,7,3,2024
479,2024-07-23,Tuesday,23,7,3,2024
480,2024-07-24,Wednesday,24,7,3,2024
481,2024-07-25,Thursday,25,7,3,2024
482,2024-07-26,Friday,26,7,3,2024
483,2024-07-27,Saturday,27,7,3,2024
484,2024-07-28,Sunday,28,7,3,2024
485,2024-07-29,Monday,29,7,3,2024
486,2024-07-30,Tuesday,30,7,3,2024
487,2024-07-31,Wednesday,31,7,3,2024
488,2024-08-01,Thursday,1,8,3,2024
489,2024-08-02,Friday,2,8,3,2024
490,2024-08-03,Saturday,3,8,3,2024
491,2024-08-04,Sunday,4,8,3,2024
492,2024-08-05,Monday,5,8,3,2024
493,2024-08-06,Tuesday,6,8,3,2024
494,2024-08-07,Wednesday,7,8,3,2024
495,2024-08-08,Thursday,8,8,3,2024
496,2024-08-09,Friday,9,8,3,2024
497,2024-08-10,Saturday,10,8,3,2024
498,2024-08-11,Sunday,11,8,3,2024
499,2024-08-12,Monday,12,8,3,2024
500,2024-08-13,Tuesday,13,8,3,2024
501,2024-08-14,Wednesday,14,8,3,2024
502,2024-08-15,Thursday,15,8,3,2024
503,2024-08-16,Friday,16,8,3,2024
504,2024-08-17,Saturday,17,8,3,2024
505,2024-08-18,Sunday,18,8,3,2024
506,2024-08-19,Monday,19,8,3,2024
507,2024-08-20,Tuesday,20,8,3,2024
508,2024-08-21,Wednesday,21,8,3,2024
509,2024-08-22,Thursday,22,8,3,2024
510,2024-08-23,Friday,23,8,3,2024
511,2024-08-24,Saturday,24,8,3,2024
512,2024-08-25,Sunday,25,8,3,2024
513,2024-08-26,Monday,26,8,3,2024
514,2024-08-27,Tuesday,27,8,3,2024
515,2024-08-28,Wednesday,28,8,3,2024
516,2024-08-29,Thursday,29,8,3,2024
517,2024-08-30,Friday,30,8,3,2024
518,2024-08-31,Saturday,31,8,3,2024
519,2024-09-01,Sunday,1,9,3,2024
520,2024-09-02,Monday,2,9,3,2024
521,2024-09-03,Tuesday,3,9,3,2024
522,2024-09-04,Wednesday,4,9,3,2024
523,2024-09-05,Thursday,5,9,3,2024
524,2024-09-06,Friday,6,9,3,2024
525,2024-09-07,Saturday,7,9,3,2024
526,2024-09-08,Sunday,8,9,3,2024
527,2024-09-09,Monday,9,9,3,2024
528,2024-09-10,Tuesday,10,9,3,2024
529,2024-09-11,Wednesday,11,9,3,2024
530,2024-09-12,Thursday,12,9,3,2024
531,2024-09-13,Friday,13,9,3,2024
532,2024-09-14,Saturday,14,9,3,2024
533,2024-09-15,Sunday,15,9,3,2024
534,2024-09-16,Monday,16,9,3,2024
535,2024-09-17,Tuesday,17,9,3,2024
536,2024-09-18,Wednesday,18,9,3,2024
537,2024-09-19,Thursday,19,9,3,2024
538,2024-09-20,Friday,20,9,3,2024
539,2024-09-21,Saturday,21,9,3,2024
540,2024-09-22,Sunday,22,9,3,2024
541,2024-09-23,Monday,23,9,3,2024
542,2024-09-24,Tuesday,24,9,3,2024
543,2024-09-25,Wednesday,25,9,3,2024
544,2024-09-26,Thursday,26,9,3,2024
545,2024-09-27,Friday,27,9,3,2024
546,2024-09-28,Saturday,28,9,3,2024
547,2024-09-29,Sunday,29,9,3,2024
548,2024-09-30,Monday,30,9,3,2024
549,2024-10-01,Tuesday,1,10,4,2024
550,2024-10-02,Wednesday,2,10,4,2024
551,2024-10-03,Thursday,3,10,4,2024
552,2024-10-04,Friday,4,10,4,2024
553,2024-10-05,Saturday,5,10,4,2024
554,2024-10-06,Sunday,6,10,4,2024
555,2024-10-07,Monday,7,10,4,2024
556,2024-10-08,Tuesday,8,10,4,2024
557,2024-10-09,Wednesday,9,10,4,2024
558,2024-10-10,Thursday,10,10,4,2024
559,2024-10-11,Friday,11,10,4,2024
560,2024-10-12,Saturday,12,10,4,2024
561,2024-10-13,Sunday,13,10,4,2024
562,2024-10-14,Monday,14,10,4,2024
563,2024-10-15,Tuesday,15,10,4,2024
564,2024-10-16,Wednesday,16,10,4,2024
565,2024-10-17,Thursday,17,10,4,2024
566,2024-10-18,Friday,18,10,4,2024
567,2024-10-19,Saturday,19,10,4,2024
568,2024-10-20,Sunday,20,10,4,2024
569,2024-10-21,Monday,21,10,4,2024
570,2024-10-22,Tuesday,22,10,4,2024
571,2024-10-23,Wednesday,23,10,4,2024
572,2024-10-24,Thursday,24,10,4,2024
573,2024-10-25,Friday,25,10,4,2024
574,2024-10-26,Saturday,26,10,4,2024
575,2024-10-27,Sunday,27,10,4,2024
576,2024-10-28,Monday,28,10,4,2024
577,2024-10-29,Tuesday,29,10,4,2024
578,2024-10-30,Wednesday,30,10,4,2024
579,2024-10-31,Thursday,31,10,4,2024
580,2024-11-01,Friday,1,11,4,2024
581,2024-11-02,Saturday,2,11,4,2024
582,2024-11-03,Sunday,3,11,4,2024
583,2024-11-04,Monday,4,11,4,2024
584,2024-11-05,Tuesday,5,11,4,2024
585,2024-11-06,Wednesday,6,11,4,2024
586,2024-11-07,Thursday,7,11,4,2024
587,2024-11-08,Friday,8,11,4,2024
588,2024-11-09,Saturday,9,11,4,2024
589,2024-11-10,Sunday,10,11,4,2024
590,2024-11-11,Monday,11,11,4,2024
591,2024-11-12,Tuesday,12,11,4,2024
592,2024-11-13,Wednesday,13,11,4,2024
593,2024-11-14,Thursday,14,11,4,2024
594,2024-11-15,Friday,15,11,4,2024
595,2024-11-16,Saturday,16,11,4,2024
596,2024-11-17,Sunday,17,11,4,2024
597,2024-11-18,Monday,18,11,4,2024
598,2024-11-19,Tuesday,19,11,4,2024
599,2024-11-20,Wednesday,20,11,4,2024
600,2024-11-21,Thursday,21,11,4,2024
601,2024-11-22,Friday,22,11,4,2024
602,2024-11-23,Saturday,23,11,4,2024
603,2024-11-24,Sunday,24,11,4,2024
604,2024-11-25,Monday,25,11,4,2024
605,2024-11-26,Tuesday,26,11,4,2024
606,2024-11-27,Wednesday,27,11,4,2024
607,2024-11-28,Thursday,28,11,4,2024
608,2024-11-29,Friday,29,11,4,2024
609,2024-11-30,Saturday,30,11,4,2024
610,2024-12-01,Sunday,1,12,4,2024
611,2024-12-02,Monday,2,12,4,2024
612,2024-12-03,Tuesday,3,12,4,2024
613,2024-12-04,Wednesday,4,12,4,2024
614,2024-12-05,Thursday,5,12,4,2024
615,2024-12-06,Friday,6,12,4,2024
616,2024-12-07,Saturday,7,12,4,2024
617,2024-12-08,Sunday,8,12,4,2024
618,2024-12-09,Monday,9,12,4,2024
619,2024-12-10,Tuesday,10,12,4,2024
620,2024-12-11,Wednesday,11,12,4,2024
621,2024-12-12,Thursday,12,12,4,2024
622,2024-12-13,Friday,13,12,4,2024
623,2024-12-14,Saturday,14,12,4,2024
624,2024-12-15,Sunday,15,12,4,2024
625,2024-12-16,Monday,16,12,4,2024
626,2024-12-17,Tuesday,17,12,4,2024
627,2024-12-18,Wednesday,18,12,4,2024
628,2024-12-19,Thursday,19,12,4,2024
629,2024-12-20,Friday,20,12,4,2024
630,2024-12-21,Saturday,21,12,4,2024
631,2024-12-22,Sunday,22,12,4,2024
632,2024-12-23,Monday,23,12,4,2024
633,2024-12-24,Tuesday,24,12,4,2024
634,2024-12-25,Wednesday,25,12,4,2024
635,2024-12-26,Thursday,26,12,4,2024
636,2024-12-27,Friday,27,12,4,2024
637,2024-12-28,Saturday,28,12,4,2024
638,2024-12-29,Sunday,29,12,4,2024
639,2025-01-01,Wednesday,1,1,1,2025
640,2025-01-02,Thursday,2,1,1,2025
641,2025-01-03,Friday,3,1,1,2025
642,2025-01-04,Saturday,4,1,1,2025
643,2025-01-05,Sunday,5,1,1,2025
644,2025-01-06,Monday,6,1,1,2025
645,2025-01-07,Tuesday,7,1,1,2025
646,2025-01-08,Wednesday,8,1,1,2025
647,2025-01-09,Thursday,9,1,1,2025
648,2025-01-10,Friday,10,1,1,2025
649,2025-01-11,Saturday,11,1,1,2025
650,2025-01-12,Sunday,12,1,1,2025
651,2025-01-13,Monday,13,1,1,2025
652,2025-01-14,Tuesday,14,1,1,2025
653,2025-01-15,Wednesday,15,1,1,2025
654,2025-01-16,Thursday,16,1,1,2025
655,2025-01-17,Friday,17,1,1,2025
656,2025-01-18,Saturday,18,1,1,2025
657,2025-01-19,Sunday,19,1,1,2025
658,2025-01-20,Monday,20,1,1,2025
659,2025-01-21,Tuesday,21,1,1,2025
660,2025-01-22,Wednesday,22,1,1,2025
661,2025-01-23,Thursday,23,1,1,2025
662,2025-01-24,Friday,24,1,1,2025
663,2025-01-25,Saturday,25,1,1,2025
664,2025-01-26,Sunday,26,1,1,2025
665,2025-01-27,Monday,27,1,1,2025
666,2025-01-28,Tuesday,28,1,1,2025
667,2025-01-29,Wednesday,29,1,1,2025
668,2025-01-30,Thursday,30,1,1,2025
669,2025-01-31,Friday,31,1,1,2025
670,2025-02-01,Saturday,1,2,1,2025
671,2025-02-02,Sunday,2,2,1,2025
672,2025-02-03,Monday,3,2,1,2025
673,2025-02-04,Tuesday,4,2,1,2025
674,2025-02-05,Wednesday,5,2,1,2025
675,2025-02-06,Thursday,6,2,1,2025
676,2025-02-07,Friday,7,2,1,2025
677,2025-02-08,Saturday,8,2,1,2025
678,2025-02-09,Sunday,9,2,1,2025
679,2025-02-10,Monday,10,2,1,2025
680,2025-02-11,Tuesday,11,2,1,2025
681,2025-02-12,Wednesday,12,2,1,2025
682,2025-02-13,Thursday,13,2,1,2025
683,2025-02-14,Friday,14,2,1,2025
684,2025-02-15,Saturday,15,2,1,2025
685,2025-02-16,Sunday,16,2,1,2025
686,2025-02-17,Monday,17,2,1,2025
687,2025-02-18,Tuesday,18,2,1,2025
688,2025-02-19,Wednesday,19,2,1,2025
689,2025-02-20,Thursday,20,2,1,2025
690,2025-02-21,Friday,21,2,1,2025
691,2025-02-22,Saturday,22,2,1,2025
692,2025-02-23,Sunday,23,2,1,2025
693,2025-02-24,Monday,24,2,1,2025
694,2025-02-25,Tuesday,25,2,1,2025
695,2025-02-26,Wednesday,26,2,1,2025
696,2025-02-27,Thursday,27,2,1,2025
697,2025-02-28,Friday,28,2,1,2025
698,2025-03-01,Saturday,1,3,1,2025
699,2025-03-02,Sunday,2,3,1,2025
700,2025-03-03,Monday,3,3,1,2025
701,2025-03-04,Tuesday,4,3,1,2025
702,2025-03-05,Wednesday,5,3,1,2025
703,2025-03-06,Thursday,6,3,1,2025
704,2025-03-07,Friday,7,3,1,2025
705,2025-03-08,Saturday,8,3,1,2025
706,2025-03-09,Sunday,9,3,1,2025
707,2025-03-10,Monday,10,3,1,2025
708,2025-03-11,Tuesday,11,3,1,2025
709,2025-03-12,Wednesday,12,3,1,2025
710,2025-03-13,Thursday,13,3,1,2025
711,2025-03-14,Friday,14,3,1,2025
712,2025-03-15,Saturday,15,3,1,2025
713,2025-03-16,Sunday,16,3,1,2025
714,2025-03-17,Monday,17,3,1,2025
715,2025-03-18,Tuesday,18,3,1,2025
716,2025-03-19,Wednesday,19,3,1,2025
717,2025-03-20,Thursday,20,3,1,2025
718,2025-03-21,Friday,21,3,1,2025
719,2025-03-22,Saturday,22,3,1,2025
720,2025-03-23,Sunday,23,3,1,2025
721,2025-03-24,Monday,24,3,1,2025
722,2025-03-25,Tuesday,25,3,1,2025
723,2025-03-26,Wednesday,26,3,1,2025
724,2025-03-27,Thursday,27,3,1,2025
725,2025-03-28,Friday,28,3,1,2025
726,2025-03-29,Saturday,29,3,1,2025
727,2025-03-30,Sunday,30,3,1,2025
728,2025-03-31,Monday,31,3,1,2025
729,2025-04-01,Tuesday,1,4,2,2025
730,2025-04-02,Wednesday,2,4,2,2025
731,2025-04-03,Thursday,3,4,2,2025
732,2025-04-04,Friday,4,4,2,2025
733,2025-04-05,Saturday,5,4,2,2025
734,2025-04-06,Sunday,6,4,2,2025
735,2025-04-07,Monday,7,4,2,2025
736,2025-04-08,Tuesday,8,4,2,2025
737,2025-04-09,Wednesday,9,4,2,2025
738,2025-04-10,Thursday,10,4,2,2025
739,2025-04-11,Friday,11,4,2,2025
740,2025-04-12,Saturday,12,4,2,2025
741,2025-04-13,Sunday,13,4,2,2025
742,2025-04-14,Monday,14,4,2,2025
743,2025-04-15,Tuesday,15,4,2,2025
744,2025-04-16,Wednesday,16,4,2,2025
745,2025-04-17,Thursday,17,4,2,2025
746,2025-04-18,Friday,18,4,2,2025
747,2025-04-19,Saturday,19,4,2,2025
748,2025-04-20,Sunday,20,4,2,2025
749,2025-04-21,Monday,21,4,2,2025
750,2025-04-22,Tuesday,22,4,2,2025
751,2025-04-23,Wednesday,23,4,2,2025
752,2025-04-24,Thursday,24,4,2,2025
753,2025-04-25,Friday,25,4,2,2025
754,2025-04-26,Saturday,26,4,2,2025
755,2025-04-27,Sunday,27,4,2,2025
756,2025-04-28,Monday,28,4,2,2025
757,2025-04-29,Tuesday,29,4,2,2025
758,2025-04-30,Wednesday,30,4,2,2025
759,2025-05-01,Thursday,1,5,2,2025
760,2025-05-02,Friday,2,5,2,2025
761,2025-05-03,Saturday,3,5,2,2025
762,2025-05-04,Sunday,4,5,2,2025
763,2025-05-05,Monday,5,5,2,2025
764,2025-05-06,Tuesday,6,5,2,2025
765,2025-05-07,Wednesday,7,5,2,2025
766,2025-05-08,Thursday,8,5,2,2025
767,2025-05-09,Friday,9,5,2,2025
768,2025-05-10,Saturday,10,5,2,2025
769,2025-05-11,Sunday,11,5,2,2025
770,2025-05-12,Monday,12,5,2,2025
771,2025-05-13,Tuesday,13,5,2,2025
772,2025-05-14,Wednesday,14,5,2,2025
773,2025-05-15,Thursday,15,5,2,2025
774,2025-05-16,Friday,16,5,2,2025
775,2025-05-17,Saturday,17,5,2,2025
776,2025-05-18,Sunday,18,5,2,2025
777,2025-05-19,Monday,19,5,2,2025
778,2025-05-20,Tuesday,20,5,2,2025
779,2025-05-21,Wednesday,21,5,2,2025
780,2025-05-22,Thursday,22,5,2,2025
781,2025-05-23,Friday,23,5,2,2025
782,2025-05-24,Saturday,24,5,2,2025
783,2025-05-25,Sunday,25,5,2,2025
784,2025-05-26,Monday,26,5,2,2025
785,2025-05-27,Tuesday,27,5,2,2025
786,2025-05-28,Wednesday,28,5,2,2025
787,2025-05-29,Thursday,29,5,2,2025
788,2025-05-30,Friday,30,5,2,2025
789,2025-05-31,Saturday,31,5,2,2025
790,2025-06-01,Sunday,1,6,2,2025
791,2025-06-02,Monday,2,6,2,2025
792,2025-06-03,Tuesday,3,6,2,2025
793,2025-06-04,Wednesday,4,6,2,2025
794,2025-06-05,Thursday,5,6,2,2025
795,2025-06-06,Friday,6,6,2,2025
796,2025-06-07,Saturday,7,6,2,2025
797,2025-06-08,Sunday,8,6,2,2025
798,2025-06-09,Monday,9,6,2,2025
799,2025-06-10,Tuesday,10,6,2,2025
800,2025-06-11,Wednesday,11,6,2,2025
801,2025-06-12,Thursday,12,6,2,2025
802,2025-06-13,Friday,13,6,2,2025
803,2025-06-14,Saturday,14,6,2,2025
804,2025-06-15,Sunday,15,6,2,2025
805,2025-06-16,Monday,16,6,2,2025
806,2025-06-17,Tuesday,17,6,2,2025
807,2025-06-18,Wednesday,18,6,2,2025
808,2025-06-19,Thursday,19,6,2,2025
809,2025-06-20,Friday,20,6,2,2025
810,2025-06-21,Saturday,21,6,2,2025
811,2025-06-22,Sunday,22,6,2,2025
812,2025-06-23,Monday,23,6,2,2025
813,2025-06-24,Tuesday,24,6,2,2025
814,2025-06-25,Wednesday,25,6,2,2025
815,2025-06-26,Thursday,26,6,2,2025
816,2025-06-27,Friday,27,6,2,2025
817,2025-06-28,Saturday,28,6,2,2025
818,2025-06-29,Sunday,29,6,2,2025
819,2025-06-30,Monday,30,6,2,2025
820,2025-07-01,Tuesday,1,7,3,2025
821,2025-07-02,Wednesday,2,7,3,2025
822,2025-07-03,Thursday,3,7,3,2025
823,2025-07-04,Friday,4,7,3,2025
824,2025-07-05,Saturday,5,7,3,2025
825,2025-07-06,Sunday,6,7,3,2025
826,2025-07-07,Monday,7,7,3,2025
827,2025-07-08,Tuesday,8,7,3,2025
828,2025-07-09,Wednesday,9,7,3,2025
829,2025-07-10,Thursday,10,7,3,2025
