DateID,CountryID,TotalEnergyExchanged,PeakExchange
1,1,-3.3,-308.0
1,2,-4.4,-238.3
1,3,-21.0,-1058.0
1,5,-17.2,-774.0
2,1,-2.3,-203.0
2,2,-9.5,-508.5
2,3,-24.6,-1069.0
2,5,-17.9,-775.0
3,1,-0.1,-147.0
3,2,-9.8,-474.0
3,3,-24.5,-1063.0
3,5,-14.4,-696.6
4,1,0.1,-222.1
4,2,-10.6,-465.8
4,3,-24.8,-1075.0
4,5,-15.9,-719.7
5,1,1.1,186.3
5,2,-10.2,-461.2
5,3,-24.4,-1075.0
5,5,-16.6,-818.0
6,1,0.7,51.0
6,2,-11.3,-507.9
6,3,-24.4,-1082.0
6,5,-16.6,-781.0
7,1,-1.2,-339.0
7,2,-10.9,-529.1
7,3,-20.7,-1024.0
7,5,-16.3,-764.4
8,1,-2.2,-360.0
8,2,-11.0,-579.0
8,3,-23.8,-1044.0
8,5,-10.3,-754.5
9,1,-0.6,-324.0
9,2,-12.1,-556.6
9,3,-24.1,-1054.0
9,5,-13.6,-770.2
10,1,0.2,196.4
10,2,-13.3,-719.9
10,3,-24.1,-1065.0
10,5,-17.9,-790.0
11,1,0.5,128.3
11,2,-9.3,-683.6
11,3,-24.8,-1079.0
11,5,-17.9,-744.0
12,1,0.1,-164.5
12,2,-12.8,-673.0
12,3,-24.9,-1088.0
12,5,-17.9,-789.0
13,1,-1.3,-301.0
13,2,-10.0,-736.2
13,3,-24.9,-1081.0
13,5,-18.1,-823.3
14,1,1.7,184.2
14,2,-12.6,-605.0
14,3,-24.8,-1078.0
14,5,-18.0,-821.3
15,1,3.1,312.0
15,2,-12.0,-701.2
15,3,-19.9,-1013.0
15,5,-17.9,-772.0
16,1,1.9,275.0
16,2,-13.7,-815.9
16,3,-21.2,-941.0
16,5,-17.9,-783.0
17,1,2.2,246.0
17,2,-13.3,-752.7
17,3,-24.9,-1102.0
17,5,-18.3,-794.0
18,1,0.9,89.4
18,2,-14.6,-711.5
18,3,-25.3,-1104.0
18,5,-16.8,-787.1
19,1,4.1,326.0
19,2,-11.3,-606.5
19,3,-25.5,-1101.0
19,5,-17.9,-774.8
20,1,5.4,592.1
20,2,-12.6,-823.9
20,3,-24.8,-1090.0
20,5,-18.0,-800.0
21,1,5.5,417.0
21,2,-13.2,-759.6
21,3,-24.2,-1084.0
21,5,-15.9,-759.2
22,1,5.7,363.9
22,2,-12.7,-712.7
22,3,-24.8,-1103.0
22,5,-12.0,-672.0
23,1,3.7,276.0
23,2,-13.9,-718.7
23,3,-25.0,-1093.0
23,5,-11.3,-568.0
24,1,0.6,36.0
24,2,-12.4,-641.4
24,3,-23.3,-1092.0
24,5,-11.3,-560.0
25,1,-1.9,-219.3
25,2,-12.3,-627.1
25,3,-25.2,-1089.0
25,5,-11.1,-536.0
26,1,-3.2,-213.0
26,2,-13.7,-645.1
26,3,-24.8,-1081.0
26,5,-7.4,-525.7
27,1,-3.4,-229.1
27,2,-15.6,-707.9
27,3,-16.0,-1061.0
27,5,-7.3,-546.0
28,1,0.8,47.8
28,2,-13.9,-639.6
28,3,-14.6,-661.0
28,5,-12.2,-559.0
29,1,1.2,239.0
29,2,-12.8,-576.2
29,3,-14.4,-661.0
29,5,-8.7,-589.0
30,1,2.1,231.1
30,2,-12.5,-615.6
30,3,-17.8,-1091.0
30,5,-4.6,-464.0
31,1,5.7,612.0
31,2,-6.6,-407.1
31,3,-25.5,-1111.0
31,5,-9.7,-432.4
32,1,9.4,713.0
32,2,-11.4,-625.6
32,3,-25.9,-1106.0
32,5,-9.5,-432.7
33,1,1.3,202.2
33,2,-12.4,-641.1
33,3,-25.6,-1104.0
33,5,-9.4,-439.0
34,1,0.5,208.0
34,2,-9.8,-346.2
34,3,-25.6,-1089.0
34,5,-9.4,-439.3
35,1,1.7,228.0
35,2,-9.7,-468.0
35,3,-25.7,-1128.0
35,5,-4.7,-229.4
36,1,-0.1,33.1
36,2,-11.1,-508.0
36,3,-25.5,-1106.0
36,5,-2.7,-233.6
37,1,3.5,522.0
37,2,-12.9,-679.5
37,3,-25.7,-1101.0
37,5,-18.1,-787.9
39,1,4.4,400.0
39,2,-13.4,-659.5
39,3,-25.6,-1109.0
39,5,-16.3,-762.5
40,1,7.2,527.9
40,2,-13.3,-687.7
40,3,-25.6,-1135.0
40,5,-17.1,-817.3
41,1,3.0,298.9
41,2,-13.6,-734.2
41,3,-25.5,-1128.0
41,5,-17.7,-1013.0
42,1,1.3,145.0
42,2,-15.9,-719.8
42,3,-24.2,-1099.0
42,5,-19.7,-966.9
43,1,-1.7,-96.0
43,2,-14.5,-659.2
43,3,-25.0,-1089.0
43,5,-10.4,-536.0
44,1,1.0,124.4
44,2,-8.1,-583.9
44,3,-25.2,-1170.0
44,5,-9.0,-445.0
45,1,2.1,302.1
45,2,-11.4,-586.7
45,3,-21.0,-1106.0
45,5,-10.4,-538.9
46,1,2.5,300.0
46,2,-8.2,-544.5
46,3,-24.5,-1074.0
46,5,-9.7,-459.0
47,1,2.2,229.0
47,2,-7.3,-496.0
47,3,-23.1,-1074.0
47,5,-3.2,-430.0
48,1,3.0,513.1
48,2,-6.3,-380.6
48,3,-24.7,-1081.0
48,5,-9.5,-477.3
49,1,5.3,367.4
49,2,-4.1,-162.2
49,3,-24.7,-1103.0
49,5,-10.4,-614.4
50,1,3.0,306.0
50,2,-5.9,-395.8
50,3,-25.2,-1114.0
50,5,-13.9,-656.8
51,1,0.6,92.9
51,2,-7.2,-514.8
51,3,-25.0,-1105.0
51,5,-14.6,-672.5
52,1,2.1,257.6
52,2,-6.6,-406.0
52,3,-23.3,-1098.0
52,5,-13.4,-761.9
53,1,2.7,409.4
53,2,-4.9,-410.7
53,3,-24.5,-1069.0
53,5,-12.5,-692.9
54,1,6.2,477.0
54,2,-5.1,-363.0
54,3,-25.5,-1098.0
54,5,-15.4,-795.0
55,1,14.0,858.0
55,2,-3.3,-318.0
55,3,-24.9,-1089.0
55,5,-12.6,-786.0
56,1,13.2,740.0
56,2,0.4,-162.0
56,3,-25.3,-1102.0
56,5,-17.2,-784.2
57,1,8.1,557.0
57,2,-2.5,-299.5
57,3,-25.9,-1109.0
57,5,-17.6,-789.4
58,1,4.6,318.7
58,2,-6.9,-426.8
58,3,-25.6,-1103.0
58,5,-19.1,-1002.8
59,1,3.0,292.9
59,2,-6.2,-425.5
59,3,-25.1,-1069.0
59,5,-21.2,-1001.9
60,1,3.2,498.6
60,2,-6.8,-461.3
60,3,-25.0,-1103.0
60,5,-21.2,-1001.9
61,1,11.5,851.3
61,2,-7.1,-472.9
61,3,-25.0,-1088.0
61,5,-22.9,-1085.9
62,1,10.5,889.0
62,2,-7.1,-558.0
62,3,-25.2,-1095.0
62,5,-25.5,-1129.0
63,1,8.9,590.0
63,2,-6.7,-482.6
63,3,-25.2,-1088.0
63,5,-19.1,-1150.0
64,1,6.7,446.2
64,2,-7.6,-712.6
64,3,-25.3,-1095.0
64,5,-17.9,-814.9
65,1,5.8,438.8
65,2,-7.1,-554.8
65,3,-25.3,-1093.0
65,5,-17.9,-821.2
66,1,4.0,468.3
66,2,-7.4,-630.8
66,3,-25.3,-1104.0
66,5,-17.9,-650.2
67,1,3.5,312.2
67,2,-8.5,-416.7
67,3,-25.5,-1097.0
67,5,-10.8,-819.2
68,1,3.0,307.0
68,2,-8.9,-649.7
68,3,-25.4,-1074.0
68,5,-15.1,-1171.5
69,1,5.4,396.0
69,2,-7.9,-583.1
69,3,-24.7,-1094.0
69,5,-24.2,-1228.2
70,1,5.2,386.0
70,2,-4.7,-371.4
70,3,-24.8,-1080.0
70,5,-25.5,-1122.8
71,1,3.3,571.1
71,2,-3.1,-316.6
71,3,-25.7,-1090.0
71,5,-25.5,-1116.0
72,1,7.8,476.6
72,2,-4.0,-423.1
72,3,-24.9,-1088.0
72,5,-25.5,-1172.3
73,1,6.9,435.8
73,2,4.0,218.8
73,3,-25.0,-1107.0
73,5,-15.5,-1086.9
74,1,7.8,607.5
74,2,6.3,279.1
74,3,-25.7,-1113.0
74,5,-9.9,-789.7
75,1,19.2,1730.8
75,2,5.2,240.4
75,3,-25.4,-1090.0
75,5,-17.8,-779.2
76,1,42.2,1953.0
76,2,1.5,12.3
76,3,-25.2,-1098.0
76,5,-18.5,-894.5
77,1,43.9,2058.0
77,2,3.4,186.7
77,3,-25.1,-1105.0
77,5,-18.8,-815.8
78,1,43.9,2020.0
78,2,2.2,97.6
78,3,-24.7,-1090.0
78,5,-21.2,-1313.0
79,1,42.1,2041.0
79,2,4.0,279.0
79,3,-25.1,-1097.0
79,5,-24.3,-1121.0
80,1,43.3,1956.0
80,2,5.2,6.5
80,3,-25.1,-1100.0
80,5,-23.5,-1124.0
81,1,41.7,1855.0
81,2,6.4,131.1
81,3,-25.4,-1105.0
81,5,-17.9,-877.8
82,1,36.4,1786.1
82,2,4.5,237.6
82,3,-25.5,-1109.0
82,5,-17.9,-806.0
83,1,25.9,1364.6
83,2,4.9,276.0
83,3,-25.5,-1103.0
83,5,-17.9,-804.1
84,1,21.8,1041.5
84,2,5.7,389.6
84,3,-25.5,-1111.0
84,5,-18.0,-817.1
85,1,18.5,1408.1
85,2,5.3,260.4
85,3,-22.5,-1121.0
85,5,-18.3,-809.3
86,1,25.3,1587.0
86,2,5.2,202.6
86,3,-25.5,-1120.0
86,5,-21.7,-1221.0
87,1,21.0,1117.0
87,2,4.2,229.1
87,3,-25.5,-1100.0
87,5,-19.9,-1105.0
88,1,25.7,1326.1
88,2,5.6,240.4
88,3,-25.3,-1082.0
88,5,-11.9,-569.6
89,1,39.6,1949.9
89,2,6.9,289.1
89,3,-20.1,-1092.0
89,5,-11.3,-562.0
90,1,45.8,1799.7
90,2,7.4,311.0
90,3,-19.9,-1074.0
90,5,-12.3,-581.6
91,1,40.8,1989.0
91,2,4.2,270.0
91,3,-25.2,-1081.0
91,5,-11.7,-607.4
92,1,40.3,1899.2
92,2,7.7,316.3
92,3,-25.6,-1099.0
92,5,-13.5,-628.0
93,1,44.2,2200.0
93,2,6.5,343.1
93,3,-25.1,-1096.0
93,5,-14.7,-708.0
94,1,43.2,1984.0
94,2,8.8,381.3
94,3,-25.0,-1100.0
94,5,-14.7,-670.0
95,1,43.5,2145.0
95,2,8.5,373.0
95,3,-24.6,-1095.0
95,5,-16.1,-816.0
96,1,40.0,1854.0
96,2,6.9,84.1
96,3,-25.4,-1081.0
96,5,-16.1,-796.0
97,1,40.6,1885.0
97,2,7.6,311.1
97,3,-25.3,-1082.0
97,5,-14.1,-807.5
98,1,41.0,1833.0
98,2,6.5,344.1
98,3,-26.0,-1098.0
98,5,-14.6,-630.7
99,1,43.3,1801.5
99,2,4.4,286.0
99,3,-25.9,-1105.0
99,5,-14.7,-633.0
100,1,41.3,2032.9
100,2,6.4,356.0
100,3,-25.5,-1098.0
100,5,-9.4,-899.0
101,1,41.1,2011.0
101,2,7.5,338.0
101,3,-25.1,-1096.0
101,5,-14.7,-909.0
102,1,39.2,1923.0
102,2,8.3,371.0
102,3,-25.3,-1099.0
102,5,-26.1,-1539.0
103,1,43.9,2037.0
103,2,8.6,520.0
103,3,-25.2,-1095.0
103,5,-18.4,-1520.0
104,1,41.7,1897.0
104,2,10.8,417.0
104,3,-24.7,-1089.0
104,5,-14.7,-648.7
105,1,41.7,1932.4
105,2,10.0,442.0
105,3,-25.2,-1100.0
105,5,-14.7,-637.5
106,1,42.0,1811.0
106,2,9.5,394.0
106,3,-25.5,-1104.0
106,5,-14.7,-664.0
107,1,41.8,1828.0
107,2,8.8,410.0
107,3,-25.4,-1107.0
107,5,-14.7,-670.3
108,1,43.8,1983.7
108,2,7.1,306.0
108,3,-25.3,-1106.0
108,5,-14.7,-659.0
109,1,43.6,1982.3
109,2,5.9,294.0
109,3,-25.0,-1096.0
109,5,-17.1,-741.0
110,1,42.8,1996.0
110,2,5.7,246.0
110,3,-24.9,-1063.0
110,5,-17.1,-744.0
111,1,43.0,1968.0
111,2,6.1,351.0
111,3,-25.3,-1082.0
111,5,-17.8,-770.0
112,1,39.7,1820.0
112,2,6.9,444.0
112,3,-25.2,-1084.0
112,5,-17.8,-771.2
113,1,39.8,1802.5
113,2,6.2,313.0
113,3,-25.3,-1088.0
113,5,-17.9,-768.7
114,1,41.2,1964.0
114,2,5.4,281.0
114,3,-25.3,-1092.0
114,5,-17.9,-784.6
115,1,40.4,1971.3
115,2,6.0,330.0
115,3,-24.8,-1084.0
115,5,-17.9,-774.9
116,1,39.8,1785.7
116,2,6.7,343.0
116,3,-24.5,-1058.0
116,5,-18.0,-791.0
117,1,43.4,1974.7
117,2,7.0,286.0
117,3,-24.8,-1051.0
117,5,-18.1,-783.3
118,1,43.8,1903.0
118,2,7.1,231.0
118,3,-25.4,-1075.0
118,5,-18.1,-778.0
119,1,44.5,1898.0
119,2,8.6,393.0
119,3,-25.2,-1076.0
119,5,-18.1,-790.0
120,1,40.2,1844.0
120,2,7.5,417.0
120,3,-25.0,-1091.0
120,5,-18.1,-780.9
121,1,36.4,1848.0
121,2,7.0,336.0
121,3,-25.0,-1098.0
121,5,-18.8,-791.3
122,1,44.0,1990.0
122,2,5.1,315.0
122,3,-24.8,-1075.0
122,5,-20.6,-1203.6
123,1,41.7,2197.0
123,2,6.6,354.8
123,3,-25.2,-1081.0
123,5,-28.3,-1245.0
124,1,42.7,1991.1
124,2,7.4,366.0
124,3,-25.0,-1076.0
124,5,-29.1,-1247.0
125,1,42.3,1998.2
125,2,7.9,338.0
125,3,-24.9,-1084.0
125,5,-28.7,-1237.0
126,1,42.3,1932.0
126,2,8.8,355.4
126,3,-25.2,-1080.0
126,5,-28.9,-1244.0
127,1,43.3,1857.0
127,2,8.1,430.0
127,3,-25.5,-1078.0
127,5,-29.1,-1261.0
128,1,37.9,1784.7
128,2,8.7,467.0
128,3,-23.9,-1067.0
128,5,-27.6,-1232.8
129,1,38.2,1770.8
129,2,11.0,434.0
129,3,-24.8,-1084.0
129,5,-28.7,-1290.3
130,1,41.7,2047.8
130,2,10.5,477.0
130,3,-25.1,-1100.0
130,5,-29.3,-1379.9
131,1,40.6,1997.0
131,2,9.6,475.0
131,3,-24.8,-1079.0
131,5,-29.2,-1368.0
132,1,28.8,1815.0
132,2,8.9,431.0
132,3,-24.6,-1087.0
132,5,-28.4,-1328.0
133,1,38.0,1749.6
133,2,10.7,465.0
133,3,-25.0,-1095.0
133,5,-28.7,-1357.2
134,1,38.8,1932.0
134,2,9.2,399.0
134,3,-25.0,-1093.0
134,5,-30.1,-1379.0
135,1,39.7,1837.0
135,2,9.9,404.0
135,3,-24.8,-1076.0
135,5,-30.1,-1375.0
136,1,38.0,1835.9
136,2,7.5,379.0
136,3,-25.1,-1087.0
136,5,-28.9,-1373.6
137,1,38.9,1774.2
137,2,6.8,371.0
137,3,-25.0,-1098.0
137,5,-30.9,-1373.5
138,1,41.3,1967.0
138,2,6.8,422.0
138,3,-24.9,-1101.0
138,5,-30.8,-1375.0
139,1,42.2,1951.0
139,2,7.2,411.0
139,3,-23.0,-1084.0
139,5,-30.6,-1371.1
140,1,42.5,1929.0
140,2,9.8,437.0
140,3,-25.0,-1087.0
140,5,-30.5,-1379.0
141,1,42.0,1939.3
141,2,8.6,429.0
141,3,-24.7,-1074.0
141,5,-32.5,-1424.0
142,1,42.0,1862.0
142,2,8.8,370.9
142,3,-25.0,-1082.0
142,5,-33.1,-1433.0
143,1,44.7,2054.0
143,2,9.5,482.0
143,3,-24.7,-1084.0
143,5,-32.1,-1435.0
144,1,43.1,1997.0
144,2,10.2,433.0
144,3,-24.6,-1084.0
144,5,-31.7,-1429.5
145,1,41.3,1905.0
145,2,11.2,468.0
145,3,-24.6,-1069.0
145,5,-31.7,-1427.2
146,1,30.4,1911.0
146,2,10.6,475.0
146,3,-23.7,-1145.0
146,5,-25.7,-1427.4
147,1,41.1,1909.5
147,2,11.8,443.4
147,3,-24.0,-1087.0
147,5,-28.5,-1328.0
148,1,40.7,1881.5
148,2,10.4,464.9
148,3,-24.6,-1082.0
148,5,-30.2,-1380.0
149,1,42.5,1909.5
149,2,9.4,394.7
149,3,-25.3,-1117.0
149,5,-28.3,-1375.0
150,1,42.0,1912.0
150,2,9.7,459.0
150,3,-25.2,-1116.0
150,5,-32.1,-1518.0
151,1,40.4,1816.0
151,2,10.0,385.0
151,3,-24.9,-1101.0
151,5,-30.3,-1429.0
152,1,31.4,1895.9
152,2,11.0,516.0
152,3,-25.0,-1108.0
152,5,-33.1,-1472.0
153,1,40.2,2055.1
153,2,11.0,436.0
153,3,-25.4,-1111.0
153,5,-29.6,-1435.9
154,1,41.8,1853.7
154,2,9.7,483.0
154,3,-25.5,-1117.0
154,5,-29.6,-1435.0
155,1,41.2,1900.1
155,2,8.9,463.0
155,3,-25.5,-1095.0
155,5,-32.0,-1486.0
156,1,39.7,1839.0
156,2,8.9,422.0
156,3,-24.6,-1085.0
156,5,-31.1,-1474.0
157,1,36.3,1669.6
157,2,9.5,457.0
157,3,-24.7,-1070.0
157,5,-33.5,-1482.0
158,1,32.8,1461.0
158,2,8.6,397.0
158,3,-25.3,-1106.0
158,5,-29.2,-1450.0
159,1,31.3,1430.0
159,2,9.1,414.0
159,3,-25.3,-1145.0
159,5,-32.5,-1443.0
160,1,31.7,1545.0
160,2,9.4,391.0
160,3,-25.2,-1106.0
160,5,-27.0,-1416.0
161,1,30.7,1499.0
161,2,11.0,435.0
161,3,-25.7,-1109.0
161,5,-27.0,-1416.1
162,1,32.2,1656.0
162,2,9.8,393.0
162,3,-26.0,-1097.0
162,5,-33.1,-1476.0
163,1,31.4,1511.9
163,2,10.5,443.0
163,3,-25.5,-1099.0
163,5,-31.9,-1408.0
164,1,33.8,1513.8
164,2,7.8,447.0
164,3,-25.4,-1105.0
164,5,-32.2,-1474.0
165,1,31.4,1576.3
165,2,9.7,409.0
165,3,-25.7,-1122.0
165,5,-31.3,-1421.0
166,1,27.2,1390.0
166,2,9.4,393.3
166,3,-25.7,-1119.0
166,5,-31.5,-1471.0
167,1,27.9,1559.0
167,2,9.7,385.0
167,3,-25.4,-1107.0
167,5,-31.5,-1465.0
168,1,23.0,1222.3
168,2,10.8,431.0
168,3,-25.5,-1107.0
168,5,-32.6,-1480.0
169,1,20.4,1060.2
169,2,9.6,439.0
169,3,-26.4,-1116.0
169,5,-33.6,-1483.3
170,1,21.0,1204.5
170,2,5.4,358.0
170,3,-25.5,-1121.0
170,5,-32.2,-1471.5
171,1,20.9,1046.0
171,2,11.0,467.0
171,3,-25.0,-1093.0
171,5,-31.1,-1456.0
172,1,19.4,1090.0
172,2,11.0,405.0
172,3,-23.4,-1095.0
172,5,-29.7,-1376.0
173,1,31.7,1621.0
173,2,10.3,464.0
173,3,-24.9,-1082.0
173,5,-28.7,-1347.0
174,1,34.8,1708.0
174,2,12.5,590.0
174,3,-24.7,-1080.0
174,5,-24.4,-1647.0
175,1,37.2,1697.0
175,2,15.0,608.0
175,3,-24.7,-1081.0
175,5,-24.7,-1669.0
176,1,34.7,1692.0
176,2,14.9,608.0
176,3,-24.4,-1096.0
176,5,-27.4,-1330.7
177,1,34.8,1708.0
177,2,14.6,647.7
177,3,-25.2,-1104.0
177,5,-28.7,-1329.0
178,1,34.5,1641.0
178,2,13.1,742.0
178,3,-25.0,-1091.0
178,5,-29.0,-1377.0
179,1,28.6,1748.5
179,2,11.8,581.1
179,3,-24.8,-1084.0
179,5,-30.7,-1428.0
180,1,26.0,1274.6
180,2,12.6,539.0
180,3,-24.7,-1081.0
180,5,-31.6,-1403.0
181,1,24.5,1312.2
181,2,13.0,462.0
181,3,-24.9,-1085.0
181,5,-31.5,-1446.0
182,1,23.3,1056.0
182,2,12.9,564.0
182,3,-24.8,-1093.0
182,5,-29.0,-1428.0
183,1,20.3,1056.0
183,2,13.9,556.0
183,3,-25.3,-1088.0
183,5,-29.7,-1332.0
184,1,25.4,1369.0
184,2,13.2,559.0
184,3,-25.3,-1089.0
184,5,-23.8,-1329.6
185,1,26.1,1356.8
185,2,11.5,576.0
185,3,-24.7,-1081.0
185,5,-23.9,-1329.6
186,1,36.0,2080.1
186,2,15.8,511.0
186,3,-24.2,-1052.0
186,5,-25.7,-1370.0
187,1,40.9,2063.8
187,2,14.9,600.0
187,3,-23.9,-1077.0
187,5,-25.8,-1276.4
188,1,38.7,1786.2
188,2,16.2,594.0
188,3,-23.9,-1062.0
188,5,-19.1,-1393.0
189,1,36.3,1713.3
189,2,16.2,622.0
189,3,-24.4,-1064.0
189,5,-22.5,-1744.0
190,1,34.4,1537.0
190,2,15.8,568.0
190,3,-24.0,-1047.0
190,5,-18.2,-1236.0
191,1,30.9,1601.0
191,2,14.4,579.0
191,3,-24.4,-1082.0
191,5,-12.3,-525.0
192,1,26.8,1360.0
192,2,14.2,574.0
192,3,-24.6,-1087.0
192,5,-12.5,-532.3
193,1,27.3,1371.1
193,2,10.0,462.0
193,3,-24.5,-1082.0
193,5,-12.3,-530.0
194,1,25.8,1371.0
194,2,15.1,593.0
194,3,-24.5,-1082.0
194,5,-12.3,-549.0
195,1,23.8,1204.1
195,2,15.2,625.0
195,3,-24.3,-1080.0
195,5,-12.3,-549.0
196,1,21.2,1167.9
196,2,16.0,597.0
196,3,-24.5,-1078.0
196,5,-12.4,-550.0
197,1,20.0,944.5
197,2,15.0,576.0
197,3,-24.5,-1079.0
197,5,-12.6,-547.0
198,1,17.7,870.0
198,2,14.4,553.0
198,3,-24.4,-1073.0
198,5,-12.4,-526.0
199,1,16.1,693.0
199,2,14.2,583.0
199,3,-24.0,-1070.0
199,5,-12.5,-536.0
200,1,14.9,769.0
200,2,12.3,579.0
200,3,-23.9,-1070.0
200,5,-12.4,-545.6
201,1,13.5,605.0
201,2,15.4,610.0
201,3,-23.8,-1058.0
201,5,-12.4,-521.4
202,1,12.5,614.1
202,2,15.0,594.0
202,3,-22.3,-1037.0
202,5,-12.3,-542.0
203,1,10.8,601.0
203,2,16.6,635.0
203,3,-23.9,-1046.0
203,5,-12.3,-524.7
204,1,11.0,472.7
204,2,17.0,654.0
204,3,-24.6,-1041.0
204,5,-14.4,-935.0
205,1,9.3,422.5
205,2,17.1,861.0
205,3,-25.0,-1080.0
205,5,-25.2,-1251.0
206,1,8.5,392.0
206,2,18.7,861.0
206,3,-24.8,-1060.0
206,5,-23.0,-1124.0
207,1,8.1,354.0
207,2,16.7,650.0
207,3,-22.7,-1074.0
207,5,-23.1,-1161.0
208,1,6.9,346.0
208,2,16.2,650.0
208,3,-25.1,-1069.0
208,5,-26.8,-1336.6
209,1,5.8,352.0
209,2,15.9,565.0
209,3,-24.9,-1061.0
209,5,-26.8,-1336.6
210,1,5.3,328.5
210,2,12.2,557.0
210,3,-25.0,-1072.0
210,5,-22.6,-1182.0
211,1,5.0,296.5
211,2,14.5,556.0
211,3,-25.1,-1070.0
211,5,-23.2,-1179.0
212,1,5.6,319.8
212,2,11.5,462.0
212,3,-24.8,-1070.0
212,5,-24.8,-1220.0
213,1,4.0,247.2
213,2,11.6,434.0
213,3,-24.6,-1072.0
213,5,-22.5,-1292.0
214,1,4.0,219.0
214,2,9.2,407.0
214,3,-24.9,-1082.0
214,5,-25.3,-1299.0
215,1,3.5,176.0
215,2,10.3,382.0
215,3,-24.8,-1081.0
215,5,-26.3,-1373.0
216,1,1.8,180.0
216,2,8.5,374.0
216,3,-24.6,-1074.0
216,5,-23.2,-1275.2
217,1,2.8,220.3
217,2,10.0,449.0
217,3,-22.3,-1075.0
217,5,-26.3,-1321.6
218,1,1.8,133.8
218,2,10.3,413.0
218,3,-22.0,-940.0
218,5,-26.3,-1321.6
219,1,3.5,216.0
219,2,9.9,401.0
219,3,-22.0,-935.0
219,5,-27.0,-1465.0
220,1,9.3,395.2
220,2,9.5,383.0
220,3,-21.4,-921.0
220,5,-26.3,-1365.0
221,1,4.5,489.0
221,2,8.4,364.9
221,3,-21.6,-1061.0
221,5,-27.0,-1368.0
222,1,5.0,319.0
222,2,8.3,430.0
222,3,-21.7,-932.0
222,5,-24.4,-1327.0
223,1,1.9,177.3
223,2,9.0,365.0
223,3,-21.3,-1093.0
223,5,-21.4,-1045.0
224,1,0.5,72.1
224,2,10.5,473.4
224,3,-22.8,-1074.0
224,5,-22.4,-1179.0
225,1,-5.2,-102.4
225,2,12.0,510.2
225,3,-25.2,-1082.0
225,5,-24.5,-1228.7
226,1,-3.7,-198.5
226,2,12.1,542.0
226,3,-24.0,-1084.0
226,5,-22.9,-1170.0
227,1,-1.2,-178.3
227,2,12.6,420.0
227,3,-24.1,-1080.0
227,5,-22.2,-1172.0
228,1,-0.4,-251.0
228,2,12.4,509.0
228,3,-24.0,-1075.0
228,5,-21.7,-1139.1
229,1,-0.9,-285.0
229,2,12.5,458.0
229,3,-24.1,-1071.0
229,5,-23.0,-1233.0
230,1,-2.3,-256.0
230,2,11.3,505.7
230,3,-12.8,-1057.0
230,5,-19.5,-1398.6
231,1,-2.5,-332.7
231,2,11.1,492.0
231,3,-17.1,-1047.0
231,5,-19.9,-1461.6
232,1,-1.8,-268.4
232,2,12.3,450.0
232,3,-22.3,-1076.0
232,5,-19.8,-876.3
233,1,-1.7,-121.4
233,2,10.2,463.5
233,3,-23.0,-1078.0
233,5,-19.6,-833.0
234,1,-12.3,-552.3
234,2,10.3,491.5
234,3,-22.9,-1058.0
234,5,-19.8,-842.0
235,1,-3.6,-225.7
235,2,8.4,434.4
235,3,-23.0,-1071.0
235,5,-20.0,-924.9
236,1,-3.5,-217.3
236,2,7.4,374.0
236,3,-23.1,-1059.0
236,5,-20.1,-972.4
237,1,-3.9,-236.3
237,2,7.5,391.6
237,3,-14.1,-1043.0
237,5,-19.9,-846.4
238,1,-3.9,-256.0
238,2,7.0,386.4
238,3,-12.6,-580.0
238,5,-19.8,-843.0
239,1,-3.5,-221.0
239,2,3.5,302.0
239,3,-13.4,-579.0
239,5,-20.0,-884.0
240,1,-3.0,-251.0
240,2,4.7,294.4
240,3,-13.0,-583.0
240,5,-20.5,-976.5
241,1,-4.4,-263.5
241,2,4.3,301.8
241,3,-16.4,-1052.0
241,5,-20.0,-893.4
242,1,-3.9,-292.1
242,2,3.2,252.2
242,3,-23.0,-1061.0
242,5,-18.8,-873.4
243,1,-3.3,-291.0
243,2,2.7,245.8
243,3,-21.1,-1061.0
243,5,-20.0,-946.5
244,1,-4.4,-328.3
244,2,1.4,194.6
244,3,-22.4,-1053.0
244,5,-4.5,-833.9
245,1,0.2,-308.8
245,2,1.6,217.7
245,3,-14.9,-1066.0
245,5,-6.2,-754.0
246,1,0.2,289.0
246,2,0.8,55.0
246,3,-13.4,-587.0
246,5,-15.7,-760.0
247,1,-5.0,-311.0
247,2,0.1,87.0
247,3,-13.3,-591.0
247,5,-17.1,-763.0
248,1,-6.8,-388.0
248,2,0.1,122.0
248,3,-13.1,-572.0
248,5,-16.8,-767.0
249,1,-5.8,-311.0
249,2,-0.7,-45.2
249,3,-16.7,-1048.0
249,5,-16.3,-772.2
250,1,-5.3,-428.9
250,2,-2.2,-230.3
250,3,-22.0,-1045.0
250,5,-15.6,-768.0
251,1,-5.6,-352.0
251,2,-2.0,-206.6
251,3,-17.4,-988.0
251,5,-11.7,-675.0
252,1,-4.8,-401.7
252,2,0.3,80.9
252,3,-20.6,-1038.0
252,5,-13.0,-764.0
253,1,-5.5,-424.0
253,2,-1.3,-115.2
253,3,-22.3,-1036.0
253,5,-13.5,-1048.0
254,1,-5.1,-520.0
254,2,-1.7,-225.0
254,3,-21.4,-1027.0
254,5,-14.8,-1142.0
255,1,-6.7,-510.0
255,2,-2.1,-215.5
255,3,-20.9,-1028.0
255,5,-16.3,-1162.0
256,1,-7.3,-278.0
256,2,-3.3,252.0
256,3,-20.8,-1023.0
256,5,-15.4,-760.5
257,1,-7.7,-447.0
257,2,-3.7,-258.0
257,3,-20.5,-1022.0
257,5,-17.5,-1006.6
258,1,-7.5,-485.0
258,2,-3.8,-243.0
258,3,-16.4,-923.0
258,5,-11.0,-618.0
259,1,-5.6,-417.0
259,2,-2.8,-179.0
259,3,-18.4,-1016.0
259,5,-10.5,-546.0
260,1,-3.5,-310.0
260,2,-3.3,-224.0
260,3,-21.3,-1027.0
260,5,-11.1,-602.0
261,1,-6.6,-312.9
261,2,-4.6,-288.0
261,3,-20.5,-1036.0
261,5,-10.6,-566.0
262,1,-6.6,-449.0
262,2,-4.9,320.0
262,3,-20.2,-1038.0
262,5,-10.9,-599.0
263,1,-7.8,-537.0
263,2,-5.1,-405.0
263,3,-19.5,-1008.0
263,5,-15.0,-755.0
264,1,-7.8,-485.0
264,2,-4.5,263.0
264,3,-19.3,-964.0
264,5,-15.5,-760.0
265,1,-7.5,-496.0
265,2,-5.4,-332.0
265,3,-16.6,-948.0
265,5,-14.5,-765.2
266,1,-8.3,-560.0
266,2,-3.8,-207.0
266,3,-19.3,-1051.0
266,5,-15.2,-764.0
267,1,-8.9,-521.0
267,2,-4.1,-264.0
267,3,-21.7,-1040.0
267,5,-15.4,-770.0
268,1,-8.1,-534.0
268,2,-4.7,-274.0
268,3,-19.3,-981.0
268,5,-15.4,-762.0
269,1,-8.8,-670.9
269,2,-3.8,-192.3
269,3,-21.3,-1055.0
269,5,-16.0,-767.0
270,1,-8.1,-683.0
270,2,-3.7,-344.0
270,3,-21.4,-1039.0
270,5,-16.0,-767.0
271,1,-9.4,-699.0
271,2,-4.8,-423.0
271,3,-21.1,-1026.0
271,5,-16.6,-767.0
272,1,-8.9,-668.0
272,2,-4.4,-311.0
272,3,-17.2,-922.0
272,5,-15.8,-767.4
273,1,-10.8,-671.0
273,2,-4.0,-224.0
273,3,-18.9,-1038.0
273,5,-15.4,-772.3
274,1,-10.1,-675.0
274,2,-4.2,-304.0
274,3,-21.4,-1039.0
274,5,-15.6,-770.3
275,1,-10.4,-731.0
275,2,-5.8,-328.0
275,3,-17.5,-904.0
275,5,-15.5,-771.0
276,1,-10.0,-656.9
276,2,-5.7,-372.0
276,3,-19.6,-907.0
276,5,-15.6,-763.0
277,1,-8.9,-728.0
277,2,-6.1,-323.0
277,3,-21.2,-904.0
277,5,-15.1,-769.0
278,1,-8.8,-655.2
278,2,-6.2,-463.0
278,3,-20.7,-1026.0
278,5,-15.4,-766.8
279,1,-9.0,-693.6
279,2,-6.3,-463.0
279,3,-16.7,-942.0
279,5,-15.4,-769.0
280,1,-9.8,-684.0
280,2,-6.3,-341.0
280,3,-18.9,-1023.0
280,5,-15.6,-769.3
281,1,-10.7,-692.0
281,2,-7.2,-391.0
281,3,-16.6,-907.0
281,5,-11.1,-769.6
282,1,-10.1,-677.0
282,2,-7.4,-382.0
282,3,-19.5,-1039.0
282,5,-15.0,-770.0
283,1,-10.1,-729.0
283,2,-7.7,-403.0
283,3,-20.8,-1027.0
283,5,-16.1,-773.0
284,1,-10.4,-705.6
284,2,-7.9,-428.0
284,3,-20.8,-1041.0
284,5,-16.0,-782.0
285,1,-10.4,-550.8
285,2,-9.1,-400.0
285,3,-20.8,-1042.0
285,5,-17.2,-766.0
286,1,-9.3,-578.0
286,2,-7.7,-482.0
286,3,-16.8,-1072.0
286,5,-15.6,-767.0
287,1,-9.3,-574.0
287,2,-7.8,-376.0
287,3,-18.9,-1039.0
287,5,-15.8,-770.0
288,1,-12.8,-731.0
288,2,-8.4,-465.0
288,3,-22.0,-938.0
288,5,-16.4,-764.8
289,1,-12.1,-1086.8
289,2,-8.8,-366.0
289,3,-21.4,-1046.0
289,5,-17.4,-904.8
290,1,-10.6,-700.0
290,2,-8.1,-413.0
290,3,-20.7,-1013.0
290,5,-25.7,-1334.3
291,1,-10.6,-706.5
291,2,-9.2,-417.0
291,3,-18.6,-884.0
291,5,-26.4,-1386.9
292,1,-11.1,-701.2
292,2,-8.1,-443.7
292,3,-18.8,-895.0
292,5,-28.5,-1437.0
293,1,-10.3,-659.0
293,2,-9.1,-477.7
293,3,-15.6,-890.0
293,5,-30.0,-1423.9
294,1,-9.1,-694.0
294,2,-9.6,-418.6
294,3,-17.2,-899.0
294,5,-33.1,-1524.0
295,1,-12.6,-679.0
295,2,-9.9,-599.1
295,3,-18.4,-894.0
295,5,-32.1,-1234.0
296,1,-9.5,-603.2
296,2,-9.5,-618.9
296,3,-18.4,-913.0
296,5,-29.4,-1438.2
297,1,-8.5,-590.6
297,2,-9.5,-619.0
297,3,-19.4,-1035.0
297,5,-28.6,-1476.0
298,1,-4.7,-598.0
298,2,-9.6,-359.0
298,3,-20.6,-1050.0
298,5,-29.4,-1483.0
299,1,-4.4,-475.5
299,2,-11.3,-668.0
299,3,-20.7,-1056.0
299,5,-30.3,-1384.0
300,1,-5.5,-492.0
300,2,-12.6,-673.1
300,3,-17.3,-1049.0
300,5,-27.4,-1344.0
301,1,-7.9,-523.0
301,2,-11.0,-553.0
301,3,-20.2,-1054.0
301,5,-25.5,-1333.0
302,1,-8.3,-521.0
302,2,-12.1,-628.8
302,3,-21.3,-1055.0
302,5,-28.3,-1332.0
303,1,-8.4,-636.0
303,2,-10.8,-593.6
303,3,-20.9,-1049.0
303,5,-28.1,-1325.0
304,1,-7.3,-563.0
304,2,-11.7,-688.1
304,3,-20.8,-1054.0
304,5,-28.9,-1332.0
305,1,-7.3,-603.0
305,2,-11.3,-588.0
305,3,-20.9,-1073.0
305,5,-19.1,-1322.0
306,1,-8.4,-609.2
306,2,-11.2,-336.9
306,3,-21.3,-1063.0
306,5,-18.2,-770.0
307,1,-7.1,-503.0
307,2,-12.0,-331.4
307,3,-19.8,-1049.0
307,5,-18.2,-770.0
308,1,-9.4,-611.9
308,2,-12.2,-473.1
308,3,-21.1,-1054.0
308,5,-17.3,-767.7
309,1,-8.7,-603.0
309,2,-13.4,-573.8
309,3,-22.1,-1053.0
309,5,-17.3,-773.2
310,1,-10.3,-675.0
310,2,-12.9,-583.5
310,3,-22.2,-1061.0
310,5,-17.7,-765.0
311,1,-10.7,-742.0
311,2,-12.7,-581.5
311,3,-22.1,-1053.0
311,5,-17.3,-773.0
312,1,-9.0,-665.6
312,2,-11.7,553.8
312,3,-22.1,-1068.0
312,5,-19.7,-1123.5
313,1,-9.1,-683.3
313,2,-11.7,-645.0
313,3,-22.0,-1054.0
313,5,-28.0,-1397.0
314,1,-9.4,-650.0
314,2,-12.5,-647.2
314,3,-20.2,-1040.0
314,5,-20.4,-978.0
315,1,-14.0,-592.0
315,2,-11.2,-512.5
315,3,-24.2,-1055.0
315,5,-26.1,-1375.0
316,1,-11.1,-675.8
316,2,-12.9,-612.8
316,3,-22.9,-1053.0
316,5,-26.7,-1255.0
317,1,-12.4,-653.4
317,2,-12.1,-568.1
317,3,-21.2,-1059.0
317,5,-27.5,-1328.8
318,1,-10.4,-651.0
318,2,-12.6,-627.3
318,3,-21.0,-1059.0
318,5,-28.3,-1376.0
319,1,-9.4,-512.0
319,2,-14.1,-698.1
319,3,-21.3,-1064.0
319,5,-27.8,-1280.0
320,1,-9.5,-400.0
320,2,-12.8,-578.0
320,3,-21.1,-1049.0
320,5,-28.9,-1473.0
321,1,-9.3,-527.5
321,2,-13.6,-561.7
321,3,-20.2,-1021.0
321,5,-27.0,-1328.0
322,1,-6.2,-624.0
322,2,-12.1,-560.5
322,3,-19.2,-1034.0
322,5,-28.0,-1379.0
323,1,-10.0,-614.0
323,2,-13.5,-504.3
323,3,-15.2,-1038.0
323,5,-28.9,-1421.0
324,1,-10.9,-623.9
324,2,-13.2,-883.6
324,3,-21.4,-1043.0
324,5,-29.9,-1409.0
325,1,-11.4,-528.0
325,2,-12.5,-509.8
325,3,-21.9,-1042.0
325,5,-30.2,-1421.0
326,1,-7.5,-511.0
326,2,-12.8,-579.4
326,3,-20.2,-1028.0
326,5,-26.0,-1275.2
327,1,-9.0,-617.2
327,2,-9.8,-561.5
327,3,-21.5,-1052.0
327,5,-24.3,-1235.9
328,1,-8.0,-624.0
328,2,-11.9,-512.4
328,3,-21.0,-1048.0
328,5,-22.9,-1212.5
329,1,-9.0,-618.0
329,2,-10.4,-223.9
329,3,-21.4,-1047.0
329,5,-25.3,-1370.0
330,1,-9.2,-636.0
330,2,-13.6,-234.0
330,3,-22.1,-1044.0
330,5,-25.1,-1320.3
331,1,-8.7,-585.3
331,2,-14.1,-270.2
331,3,-16.2,-1049.0
331,5,-21.4,-1123.7
332,1,-12.6,-674.5
332,2,-14.6,-572.9
332,3,-12.5,-633.0
332,5,-26.6,-1373.6
333,1,-10.5,-674.7
333,2,-15.0,-565.2
333,3,-17.4,-1055.0
333,5,-27.0,-1425.0
334,1,-11.2,-684.0
334,2,-14.6,-624.0
334,3,-22.2,-1064.0
334,5,-26.2,-1422.0
335,1,-6.0,-635.0
335,2,-14.1,-763.7
335,3,-21.0,-1045.0
335,5,-24.5,-1223.0
336,1,-7.0,-616.9
336,2,-12.5,-519.5
336,3,-21.9,-1062.0
336,5,-24.0,-1318.0
337,1,-5.7,-492.6
337,2,-11.2,-757.2
337,3,-22.9,-1070.0
337,5,-26.6,-1420.0
338,1,-5.5,-643.0
338,2,-13.2,-596.0
338,3,-23.1,-1066.0
338,5,-25.4,-1369.0
339,1,-7.9,-677.0
339,2,-10.5,-321.3
339,3,-21.2,-1080.0
339,5,-24.2,-1272.0
340,1,-7.5,-593.0
340,2,-13.6,-606.9
340,3,-22.7,-1075.0
340,5,-25.4,-1340.0
341,1,-10.9,-595.0
341,2,-11.7,-675.2
341,3,-22.3,-1066.0
341,5,-26.0,-1418.3
342,1,-10.4,-549.0
342,2,-14.0,-632.2
342,3,-22.1,-1057.0
342,5,-22.4,-1223.0
343,1,-9.6,-572.0
343,2,-12.9,-657.3
343,3,-22.0,-1072.0
343,5,-24.8,-1428.7
344,1,-10.8,-664.5
344,2,-10.3,-368.7
344,3,-24.6,-1073.0
344,5,-28.7,-1420.0
345,1,-10.3,-568.1
345,2,-14.3,-643.3
345,3,-21.9,-943.0
345,5,-28.5,-1475.0
346,1,-10.3,-511.0
346,2,-14.4,-699.8
346,3,-24.7,-1079.0
346,5,-29.4,-1429.0
347,1,-9.7,-634.0
347,2,-14.9,-631.4
347,3,-24.6,-1095.0
347,5,-32.2,-1556.0
348,1,-11.1,-623.5
348,2,-13.6,-739.9
348,3,-24.6,-1075.0
348,5,-24.8,-1407.6
349,1,-10.5,-624.4
349,2,-15.0,-683.1
349,3,-20.0,-1057.0
349,5,-24.0,-1035.7
350,1,-10.2,-652.8
350,2,-12.7,-584.4
350,3,-24.3,-1073.0
350,5,-24.3,-1039.3
351,1,-11.1,-622.0
351,2,-12.8,-827.6
351,3,-24.7,-1089.0
351,5,-23.3,-1029.0
352,1,-10.1,-537.8
352,2,-12.8,-379.6
352,3,-25.0,-1097.0
352,5,-23.9,-1023.0
353,1,-11.1,-662.0
353,2,-13.3,-703.1
353,3,-24.7,-1078.0
353,5,-24.2,-1030.8
354,1,-11.6,-696.0
354,2,-15.6,-653.5
354,3,-25.2,-1099.0
354,5,-21.6,-1045.0
355,1,-5.1,-506.0
355,2,-11.9,-577.2
355,3,-24.6,-1075.0
355,5,-21.1,-1020.0
356,1,-1.7,-328.0
356,2,-13.8,-584.7
356,3,-22.8,-1077.0
356,5,-20.7,-1021.0
357,1,-4.1,-302.0
357,2,-11.4,-557.7
357,3,-24.9,-1093.0
357,5,-21.1,-1030.5
358,1,-5.3,-537.0
358,2,-8.4,-474.8
358,3,-24.7,-1101.0
358,5,-22.5,-1043.0
359,1,-6.6,-373.0
359,2,-4.9,-272.0
359,3,-23.7,-1107.0
359,5,-22.9,-1026.0
360,1,-1.7,-194.0
360,2,-4.7,-283.0
360,3,-23.6,-1086.0
360,5,-21.8,-1035.0
361,1,-5.7,-571.4
361,2,-9.8,-526.5
361,3,-24.4,-1074.0
361,5,-22.5,-1042.1
362,1,-9.3,-606.0
362,2,-11.2,-503.8
362,3,-24.5,-1108.0
362,5,-23.8,-1034.0
363,1,-6.6,-493.0
363,2,-11.6,-521.0
363,3,-24.5,-1074.0
363,5,-22.8,-1029.0
364,1,-4.4,-447.0
364,2,-11.3,-467.0
364,3,-24.9,-1093.0
364,5,-23.9,-1032.0
365,1,-4.2,-361.0
365,2,-8.5,-525.2
365,3,-23.9,-1117.0
365,5,-23.1,-1033.0
366,1,-1.3,-363.0
366,2,-10.0,-639.0
366,3,-23.1,-1095.0
366,5,-24.1,-1031.0
367,1,0.5,-232.0
367,2,-10.3,-782.5
367,3,-20.2,-1084.0
367,5,-24.4,-1031.0
368,1,-2.4,-334.8
368,2,-10.1,-412.9
368,3,-24.1,-1087.2
368,5,-24.4,-1039.6
369,1,-3.2,-459.0
369,2,-10.3,-710.7
369,3,-22.3,-1100.9
369,5,-24.4,-1026.1
370,1,-4.8,-498.0
370,2,-11.8,-862.0
370,3,-22.9,-1131.1
370,5,-29.1,-1299.0
371,1,-3.3,-441.0
371,2,-11.7,-805.0
371,3,-23.3,-1075.4
371,5,-31.6,-1399.0
372,1,-2.6,-441.2
372,2,-12.1,-792.3
372,3,-24.2,-1070.0
372,5,-33.5,-1430.0
373,1,-3.3,-350.8
373,2,-12.5,-789.1
373,3,-24.2,-1055.0
373,5,-25.9,-1430.0
374,1,-5.3,-663.0
374,2,-12.6,-832.9
374,3,-22.7,-1061.0
374,5,-23.4,-1412.0
375,1,-6.3,-659.0
375,2,-10.4,-842.8
375,3,-24.8,-1054.0
375,5,-20.4,-1031.0
376,1,-6.7,-523.0
376,2,-13.2,-869.7
376,3,-20.8,-1049.0
376,5,-19.7,-890.2
377,1,-6.3,-548.6
377,2,-10.0,-778.0
377,3,-20.0,-1043.0
377,5,-20.6,-994.0
378,1,-6.3,-562.0
378,2,-7.4,-300.7
378,3,-23.4,-1052.0
378,5,-23.8,-1425.0
379,1,-6.2,-645.0
379,2,-12.2,-807.5
379,3,-24.0,-1061.0
379,5,-24.6,-1344.0
380,1,-3.9,-570.0
380,2,-12.6,-729.0
380,3,-24.4,-1070.0
380,5,-26.4,-1426.0
381,1,-3.5,-200.0
381,2,-12.0,-1037.3
381,3,-24.3,-1074.0
381,5,-25.4,-1417.0
382,1,6.4,333.0
382,2,-11.6,-704.7
382,3,-23.9,-1066.0
382,5,-25.6,-1415.0
383,1,4.5,427.0
383,2,-9.5,-673.1
383,3,-24.3,-1072.0
383,5,-25.0,-1330.0
384,1,0.9,109.0
384,2,-9.7,-741.6
384,3,-24.1,-1060.0
384,5,-23.9,-1314.7
385,1,1.0,237.0
385,2,-5.9,-411.7
385,3,-24.4,-1066.0
385,5,-27.1,-1436.8
386,1,2.9,341.0
386,2,-10.6,-706.3
386,3,-24.5,-1082.0
386,5,-30.6,-1487.0
387,1,2.4,217.0
387,2,-11.2,-718.5
387,3,-23.6,-1080.0
387,5,-32.4,-1511.0
388,1,-1.4,-224.0
388,2,-10.5,-730.0
388,3,-23.4,-1076.0
388,5,-32.3,-1518.1
389,1,-0.9,-108.3
389,2,-8.4,-667.4
389,3,-23.5,-1073.0
389,5,-32.4,-1514.5
390,1,-3.0,-223.0
390,2,-12.3,-732.9
390,3,-23.5,-1087.0
390,5,-31.7,-1514.0
391,1,-3.5,-309.0
391,2,-11.0,-764.4
391,3,-23.1,-1067.0
391,5,-22.8,-1521.0
392,1,-4.8,-352.0
392,2,-9.5,-777.1
392,3,-23.1,-1094.0
392,5,-29.7,-1513.0
393,1,-2.2,-39.1
393,2,-9.5,-778.9
393,3,-22.9,-1060.0
393,5,-24.2,-1519.2
394,1,-3.1,-613.0
394,2,-13.1,-808.0
394,3,-18.3,-1055.0
394,5,-20.1,-1571.0
395,1,-2.3,-280.0
395,2,-13.6,-805.0
395,3,-22.8,-1049.0
395,5,-30.5,-1455.0
396,1,1.0,268.6
396,2,-11.8,-733.6
396,3,-23.0,-1082.0
396,5,-30.0,-1457.4
397,1,-3.1,-220.9
397,2,-14.0,-816.0
397,3,-23.2,-1085.0
397,5,-18.7,-1255.0
398,1,-3.3,-298.0
398,2,-13.9,-835.3
398,3,-22.8,-1082.0
398,5,-19.7,-1182.0
399,1,-4.3,-540.0
399,2,-8.5,-713.3
399,3,-23.4,-1087.9
399,5,-17.9,-755.0
400,1,-4.0,-347.0
400,2,-10.9,-726.8
400,3,-22.0,-1064.0
400,5,-16.2,-753.0
401,1,-4.0,-355.0
401,2,-11.6,-752.9
401,3,-22.1,-1058.0
401,5,-12.7,-627.4
402,1,-3.7,-263.0
402,2,-11.4,-728.8
402,3,-20.6,-1048.0
402,5,-12.1,-684.0
403,1,-3.2,-238.0
403,2,-9.5,-624.7
403,3,-20.4,-1049.0
403,5,-12.4,-703.0
404,1,-3.8,-370.5
404,2,-11.5,-724.9
404,3,-13.5,-795.0
404,5,-14.7,-757.4
405,1,-3.8,-317.0
405,2,-11.6,-734.8
405,3,-10.1,-607.0
405,5,-12.6,-755.6
406,1,-3.7,-518.0
406,2,-11.0,-701.9
406,3,-20.6,-1036.0
406,5,-12.3,-761.0
407,1,-3.5,-377.0
407,2,-8.0,-600.4
407,3,-22.8,-1062.0
407,5,-13.0,-722.4
408,1,-2.7,-144.0
408,2,-8.9,-544.8
408,3,-22.8,-1048.0
408,5,-14.1,-1132.0
409,1,-3.3,-354.0
409,2,-11.3,-610.0
409,3,-22.7,-1052.0
409,5,-17.5,-1142.0
410,1,-2.1,-334.0
410,2,-11.9,-814.0
410,3,-23.0,-1063.0
410,5,-18.0,-1153.0
411,1,-1.3,187.0
411,2,-11.7,-812.6
411,3,-23.2,-1073.0
411,5,-12.5,-1064.0
412,1,-1.2,-198.7
412,2,-12.8,-816.0
412,3,-23.5,-1069.0
412,5,-15.4,-767.4
413,1,-1.4,-159.4
413,2,-11.1,-747.5
413,3,-22.9,-1071.0
413,5,-16.1,-771.7
414,1,3.0,187.0
414,2,-9.2,-673.2
414,3,-22.9,-1058.0
414,5,-16.5,-770.0
415,1,3.1,293.0
415,2,-8.3,-717.1
415,3,-22.8,-1061.0
415,5,-15.0,-771.0
416,1,2.5,334.0
416,2,-9.2,-724.4
416,3,-22.8,-1055.0
416,5,-15.4,-766.0
417,1,3.9,251.0
417,2,-8.8,-577.3
417,3,-22.6,-1054.0
417,5,-16.6,-767.0
418,1,3.4,291.0
418,2,-6.8,-529.9
418,3,-22.6,-1053.0
418,5,-17.7,-775.0
419,1,1.7,205.0
419,2,-10.3,-731.5
419,3,-22.4,-1040.0
419,5,-25.6,-1445.0
420,1,1.9,243.9
420,2,-8.4,-616.9
420,3,-22.3,-1040.0
420,5,-30.9,-1427.0
421,1,8.0,555.9
421,2,-3.7,87.7
421,3,-22.3,-1027.0
421,5,-31.1,-1337.5
422,1,8.1,652.0
422,2,-3.4,-476.2
422,3,-11.7,-1025.0
422,5,-17.8,-1222.0
423,1,9.5,680.0
423,2,3.9,238.7
423,3,-14.0,-1021.0
423,5,-15.1,-767.0
424,1,13.9,737.0
424,2,0.0,55.5
424,3,-22.0,-1032.0
424,5,-22.6,-1441.1
425,1,4.4,463.0
425,2,-5.9,-642.8
425,3,-22.6,-1033.0
425,5,-28.5,-1440.8
426,1,2.2,369.0
426,2,-1.7,260.1
426,3,-22.0,-1029.0
426,5,-26.6,-1403.0
427,1,3.4,275.0
427,2,-0.6,26.4
427,3,-23.3,-1066.0
427,5,-30.2,-1401.0
428,1,1.4,168.3
428,2,-0.5,200.5
428,3,-23.4,-1033.0
428,5,-31.4,-1472.0
429,1,1.5,175.0
429,2,-3.6,-489.4
429,3,-23.1,-1023.0
429,5,-30.1,-1446.6
430,1,2.2,291.0
430,2,-0.1,107.7
430,3,-23.6,-1036.0
430,5,-30.2,-1443.0
431,1,7.6,518.0
431,2,-2.0,52.3
431,3,-23.3,-1033.0
431,5,-31.0,-1476.0
432,1,2.6,125.0
432,2,-0.7,132.4
432,3,-23.7,-1043.0
432,5,-30.8,-1477.5
433,1,1.9,207.0
433,2,-4.1,-472.3
433,3,-23.4,-1038.0
433,5,-28.4,-1451.4
434,1,1.1,205.0
434,2,-3.2,-433.9
434,3,-23.5,-1038.0
434,5,-30.0,-1484.0
435,1,2.2,158.0
435,2,-3.6,-348.6
435,3,-23.7,-1039.0
435,5,-31.5,-1478.0
436,1,1.5,153.0
436,2,-1.9,-34.2
436,3,-23.3,-1030.0
436,5,-29.7,-1471.0
437,1,1.7,229.1
437,2,-0.3,35.4
437,3,-23.4,-1040.0
437,5,-31.8,-1435.0
438,1,6.3,393.3
438,2,1.0,445.1
438,3,-23.7,-1034.0
438,5,-33.3,-1486.0
439,1,15.7,1278.4
439,2,1.3,267.7
439,3,-23.3,-1037.0
439,5,-32.5,-1480.0
440,1,23.6,1440.0
440,2,2.7,338.5
440,3,-18.4,-1030.0
440,5,-29.6,-1469.5
441,1,18.4,1055.0
441,2,4.4,240.8
441,3,-23.1,-1027.0
441,5,-30.2,-1450.9
442,1,21.7,1587.0
442,2,5.2,381.0
442,3,-23.0,-1027.0
442,5,-24.0,-1376.0
443,1,23.8,1521.0
443,2,4.8,428.0
443,3,-24.0,-1047.0
443,5,-25.4,-1341.0
444,1,22.7,1209.0
444,2,6.5,397.0
444,3,-24.3,-1031.0
444,5,-22.3,-1322.3
445,1,22.6,1260.0
445,2,10.2,681.9
445,3,-24.0,-1024.0
445,5,-12.3,-746.9
446,1,32.7,1717.0
446,2,12.1,676.0
446,3,-24.1,-1043.0
446,5,-11.2,-614.0
447,1,30.8,1786.0
447,2,11.0,483.0
447,3,-24.2,-1023.0
447,5,-12.7,-760.0
448,1,22.6,1214.2
448,2,11.1,608.3
448,3,-24.4,-1029.0
448,5,-15.7,-764.0
449,1,22.5,1213.0
449,2,9.4,552.9
449,3,-24.4,-1034.0
449,5,-15.1,-758.0
450,1,26.1,1802.0
450,2,5.9,352.0
450,3,-24.6,-1033.0
450,5,-8.9,-380.0
451,1,34.5,1813.0
451,2,8.9,561.1
451,3,-24.6,-1038.0
451,5,-9.0,-380.0
452,1,34.4,1691.7
452,2,9.7,692.1
452,3,-24.5,-1038.0
452,5,-9.0,-566.0
453,1,33.4,1708.0
453,2,10.8,645.8
453,3,-24.2,-1027.0
453,5,-9.9,-760.5
454,1,29.2,1659.4
454,2,11.4,628.0
454,3,-24.0,-1031.0
454,5,-6.2,-759.0
455,1,36.1,1752.3
455,2,11.8,635.3
455,3,-24.3,-1031.0
455,5,0.5,25.0
456,1,36.2,1748.0
456,2,13.3,536.0
456,3,-24.3,-1039.0
456,5,0.8,50.8
457,1,33.9,1621.0
457,2,13.6,705.3
457,3,-24.5,-1031.0
457,5,-11.1,-763.8
458,1,35.2,1678.0
458,2,14.4,721.8
458,3,-24.5,-1032.0
458,5,-24.8,-1513.0
459,1,37.0,1704.0
459,2,15.0,734.6
459,3,-18.9,-1020.0
459,5,-31.1,-1431.0
460,1,34.0,1660.0
460,2,14.2,621.0
460,3,-23.9,-1025.0
460,5,-29.3,-1431.2
461,1,35.4,1675.4
461,2,14.6,731.9
461,3,-23.9,-1027.0
461,5,-17.0,-1181.0
462,1,34.3,1697.0
462,2,8.0,718.0
462,3,-24.4,-1077.0
462,5,-16.8,-755.0
463,1,40.5,1864.7
463,2,14.9,780.1
463,3,-24.7,-1039.0
463,5,-27.3,-1527.0
464,1,40.0,1858.8
464,2,16.5,511.5
464,3,-24.3,-1032.0
464,5,-33.0,-1527.4
465,1,38.9,1844.1
465,2,15.3,757.9
465,3,-24.4,-1036.0
465,5,-33.6,-1526.0
466,1,37.9,1835.0
466,2,16.9,753.0
466,3,-24.4,-1030.0
466,5,-33.7,-1528.1
467,1,40.4,1901.0
467,2,16.8,795.6
467,3,-24.5,-1043.0
467,5,-33.4,-1527.2
468,1,40.4,2172.9
468,2,17.9,791.4
468,3,-24.3,-1039.0
468,5,-29.2,-1378.0
469,1,39.2,2119.3
469,2,17.9,858.1
469,3,-24.3,-1035.0
469,5,-27.4,-1370.0
470,1,37.7,1980.0
470,2,17.3,829.1
470,3,-24.4,-1029.0
470,5,-27.2,-1149.0
471,1,36.5,1725.5
471,2,16.2,717.5
471,3,-24.2,-1028.0
471,5,-27.3,-1149.0
472,1,39.1,1932.7
472,2,16.0,861.5
472,3,-24.4,-1030.0
472,5,-27.3,-1151.0
473,1,42.7,2049.0
473,2,16.7,797.9
473,3,-24.5,-1035.0
473,5,-27.3,-1147.0
474,1,38.7,1952.0
474,2,15.3,723.3
474,3,-24.5,-1039.0
474,5,-26.6,-1153.1
475,1,43.3,2012.0
475,2,15.5,809.7
475,3,-24.4,-1037.0
475,5,-25.6,-1317.4
476,1,36.6,1963.7
476,2,17.0,783.1
476,3,-24.8,-1024.0
476,5,-28.6,-1372.0
477,1,36.5,2200.8
477,2,15.7,773.7
477,3,-24.4,-1029.0
477,5,-24.8,-1369.5
478,1,40.3,1941.0
478,2,16.3,791.9
478,3,-24.1,-1023.0
478,5,-22.1,-1115.0
479,1,42.0,1959.0
479,2,16.0,792.8
479,3,-23.9,-1010.0
479,5,-22.3,-1288.0
480,1,36.6,1993.0
480,2,15.8,751.8
480,3,-24.1,-1017.0
480,5,-30.8,-1519.3
481,1,41.9,2018.0
481,2,15.4,769.7
481,3,-24.1,-1022.0
481,5,-33.8,-1531.0
482,1,40.8,2254.0
482,2,14.9,752.7
482,3,-19.1,-1026.0
482,5,-31.9,-1465.8
483,1,41.6,1927.0
483,2,15.7,768.7
483,3,-24.1,-1021.0
483,5,-32.9,-1518.3
484,1,40.6,1912.0
484,2,14.0,703.6
484,3,-24.4,-1036.0
484,5,-33.5,-1522.0
485,1,41.5,1996.4
485,2,13.4,725.5
485,3,-24.3,-1030.0
485,5,-35.1,-1525.2
486,1,41.0,2036.0
486,2,14.6,690.1
486,3,-24.1,-1037.0
486,5,-33.2,-1535.0
487,1,36.8,1996.0
487,2,14.2,698.2
487,3,-23.8,-1036.0
487,5,-27.2,-1524.0
488,1,37.4,1849.6
488,2,12.7,686.0
488,3,-24.3,-1040.0
488,5,-27.2,-1525.2
489,1,36.2,1852.8
489,2,14.7,767.9
489,3,-24.2,-1020.0
489,5,-19.9,-1084.0
490,1,38.2,1852.0
490,2,16.2,754.7
490,3,-23.9,-1028.0
490,5,-23.8,-1252.8
491,1,42.5,1861.0
491,2,14.1,716.8
491,3,-24.1,-1021.0
491,5,-30.2,-1519.0
492,1,42.2,1940.2
492,2,14.0,672.1
492,3,-24.2,-1023.0
492,5,-24.0,-1231.4
493,1,42.4,1970.1
493,2,14.8,733.9
493,3,-24.2,-1023.0
493,5,-24.7,-1226.3
494,1,29.0,1763.7
494,2,16.9,816.4
494,3,-24.2,-1034.0
494,5,-26.4,-1329.6
495,1,37.9,1764.0
495,2,14.3,724.8
495,3,-23.6,-1033.0
495,5,-29.2,-1516.0
496,1,41.8,1950.0
496,2,17.1,808.2
496,3,-24.0,-1015.0
496,5,-31.0,-1527.5
497,1,42.6,1960.0
497,2,16.1,826.1
497,3,-23.2,-1004.0
497,5,-33.3,-1524.0
498,1,41.1,1986.0
498,2,12.1,773.0
498,3,-23.9,-1009.0
498,5,-34.6,-1522.9
499,1,37.7,1778.0
499,2,17.5,857.1
499,3,-23.0,-1001.0
499,5,-34.8,-1537.0
500,1,40.6,1943.3
500,2,14.2,717.1
500,3,-24.1,-1015.0
500,5,-28.6,-1527.0
501,1,41.0,2013.6
501,2,17.1,772.3
501,3,-23.1,-1016.0
501,5,-18.1,-763.0
502,1,41.6,2077.0
502,2,16.3,782.8
502,3,-23.5,-999.0
502,5,-18.1,-766.0
503,1,41.7,1997.0
503,2,16.1,736.9
503,3,-22.4,-993.0
503,5,-18.1,-768.0
504,1,42.3,2120.0
504,2,17.7,775.8
504,3,-21.7,-959.0
504,5,-18.2,-771.0
505,1,42.6,1978.0
505,2,18.0,812.9
505,3,-23.0,-989.0
505,5,-18.2,-767.0
506,1,40.8,1963.0
506,2,17.4,832.7
506,3,-23.2,-991.0
506,5,-18.1,-768.0
507,1,42.7,1946.0
507,2,17.4,829.5
507,3,-22.6,-977.0
507,5,-18.1,-771.0
508,1,42.0,1937.7
508,2,17.4,806.0
508,3,-22.3,-968.0
508,5,-18.4,-776.8
509,1,37.9,1950.2
509,2,17.5,816.5
509,3,-21.8,-955.0
509,5,-18.2,-769.9
510,1,40.7,2279.0
510,2,17.4,817.8
510,3,-22.5,-980.0
510,5,-18.2,-773.0
511,1,41.2,1962.0
511,2,17.6,822.4
511,3,-22.9,-985.0
511,5,-18.2,-768.0
512,1,41.8,1949.0
512,2,15.7,724.0
512,3,-23.1,-974.0
512,5,-18.2,-768.0
513,1,44.3,1899.0
513,2,15.6,730.9
513,3,-23.0,-985.0
513,5,-18.1,-882.1
514,1,38.0,1880.0
514,2,15.8,774.1
514,3,-23.2,-977.0
514,5,-26.8,-1410.3
515,1,35.7,1990.0
515,2,16.7,783.1
515,3,-22.4,-977.0
515,5,-28.9,-1541.0
516,1,36.3,1866.0
516,2,19.1,876.6
516,3,-22.9,-1006.0
516,5,-28.9,-1536.0
517,1,34.9,1694.2
517,2,18.0,884.1
517,3,-22.7,-987.0
517,5,-23.5,-1514.1
518,1,31.9,1673.0
518,2,18.5,923.8
518,3,-22.3,-989.0
518,5,-29.3,-1535.0
519,1,38.8,1923.4
519,2,17.0,899.1
519,3,-21.6,-966.0
519,5,-32.7,-1538.0
520,1,41.6,1954.0
520,2,18.4,856.7
520,3,-21.8,-978.0
520,5,-34.2,-1540.0
521,1,39.9,1951.0
521,2,17.4,822.0
521,3,-21.9,-991.0
521,5,-33.6,-1527.0
522,1,38.5,1912.0
522,2,15.2,833.0
522,3,-21.9,-982.0
522,5,-34.7,-1532.2
523,1,40.7,2004.0
523,2,18.4,922.2
523,3,-21.8,-974.0
523,5,-28.9,-1480.5
524,1,42.3,1999.0
524,2,19.7,988.3
524,3,-22.3,-1003.0
524,5,-28.4,-1041.0
525,1,41.2,2040.0
525,2,19.8,923.0
525,3,-22.9,-980.0
525,5,-24.4,-1033.0
526,1,42.6,1972.0
526,2,18.3,911.5
526,3,-23.1,-975.0
526,5,-24.4,-1033.0
527,1,42.4,1914.0
527,2,17.1,847.9
527,3,-23.0,-983.0
527,5,-24.5,-1073.0
528,1,41.8,1840.0
528,2,18.5,841.4
528,3,-23.3,-992.0
528,5,-24.5,-1046.0
529,1,41.7,2121.0
529,2,16.2,800.2
529,3,-23.0,-997.0
529,5,-24.5,-1042.0
530,1,40.3,1933.0
530,2,15.1,815.0
530,3,-22.6,-988.0
530,5,-24.9,-1132.4
531,1,40.1,1865.0
531,2,16.8,841.6
531,3,-18.6,-987.0
531,5,-24.9,-1126.4
532,1,42.2,1934.0
532,2,17.0,1002.9
532,3,-12.1,-529.0
532,5,-22.1,-1115.8
533,1,42.7,1937.6
533,2,17.2,844.7
533,3,-16.7,-983.0
533,5,-21.8,-1131.3
534,1,43.8,2036.0
534,2,17.6,877.7
534,3,-19.4,-989.0
534,5,-21.8,-1117.0
535,1,44.6,1981.6
535,2,20.8,932.0
535,3,-23.3,-990.0
535,5,-25.0,-1128.0
536,1,39.2,1953.0
536,2,19.0,919.1
536,3,-22.8,-1007.0
536,5,-24.9,-1137.0
537,1,36.0,1952.0
537,2,18.0,865.6
537,3,-22.3,-997.0
537,5,-24.9,-1135.0
538,1,36.2,1975.0
538,2,17.8,866.0
538,3,-22.6,-986.0
538,5,-24.9,-1123.1
539,1,40.8,1875.0
539,2,18.9,940.5
539,3,-21.9,-971.0
539,5,-24.5,-1124.0
540,1,39.2,1943.0
540,2,11.2,781.5
540,3,-12.3,-541.0
540,5,-24.9,-1122.3
541,1,35.4,1787.0
541,2,15.4,820.9
541,3,-12.2,-536.0
541,5,-24.9,-1124.9
542,1,40.7,1911.4
542,2,15.5,876.8
542,3,-21.4,-984.0
542,5,-25.0,-1130.0
543,1,37.6,1901.0
543,2,17.8,904.1
543,3,-23.2,-992.0
543,5,-24.9,-1122.0
544,1,43.9,2034.3
544,2,19.7,909.6
544,3,-23.0,-966.0
544,5,-24.4,-1136.0
545,1,42.9,1939.0
545,2,18.5,947.0
545,3,-23.2,-988.0
545,5,-23.4,-1134.0
546,1,37.7,1928.0
546,2,5.0,382.5
546,3,-23.4,-983.0
546,5,-24.0,-1126.6
547,1,43.4,1943.0
547,2,7.0,335.1
547,3,-23.5,-993.0
547,5,-25.0,-1133.3
548,1,42.4,1975.0
548,2,6.1,305.0
548,3,-23.3,-989.0
548,5,-27.6,-1538.0
549,1,42.7,1986.0
549,2,5.6,323.3
549,3,-22.9,-997.0
549,5,-25.1,-1394.0
550,1,42.7,1913.0
550,2,6.7,413.2
550,3,-23.3,-999.0
550,5,-24.9,-1126.0
551,1,42.7,1939.0
551,2,8.1,457.6
551,3,-22.9,-981.0
551,5,-24.9,-1132.0
552,1,42.8,1916.0
552,2,8.0,385.6
552,3,-22.8,-979.0
552,5,-23.2,-1231.0
553,1,41.9,1921.6
553,2,8.0,500.4
553,3,-23.0,-971.0
553,5,-22.5,-1137.0
554,1,43.8,1954.0
554,2,8.0,409.2
554,3,-23.4,-522.0
554,5,-24.9,-1124.0
555,1,43.8,1954.0
555,2,7.8,366.7
555,3,-23.4,-996.0
555,5,-24.9,-1133.6
556,1,40.4,1934.0
556,2,7.5,386.4
556,3,-23.5,-994.0
556,5,-25.0,-1121.0
557,1,44.1,1932.0
557,2,6.7,407.9
557,3,-19.2,-1005.0
557,5,-25.0,-1123.4
558,1,42.3,2002.5
558,2,9.9,502.1
558,3,-13.2,-563.0
558,5,-25.8,-1233.0
559,1,41.4,1948.0
559,2,10.0,529.7
559,3,-14.1,-893.0
559,5,-25.9,-1241.0
560,1,37.0,1711.2
560,2,11.9,652.1
560,3,-22.4,-1005.0
560,5,-25.8,-1229.0
561,1,33.2,1584.1
561,2,12.7,616.6
561,3,-23.6,-1003.0
561,5,-25.0,-1198.0
562,1,30.6,1465.0
562,2,11.7,627.5
562,3,-23.8,-1016.0
562,5,-24.9,-1135.0
563,1,32.3,1538.0
563,2,11.0,567.9
563,3,-24.0,-1020.0
563,5,-24.9,-1132.7
564,1,31.5,1479.5
564,2,10.5,580.7
564,3,-23.1,-1011.0
564,5,-25.0,-1129.0
565,1,28.4,1293.5
565,2,9.7,535.6
565,3,-23.7,-1021.0
565,5,-24.7,-1127.0
566,1,27.7,1442.0
566,2,10.0,507.7
566,3,-23.0,-1026.0
566,5,-25.0,-1126.0
567,1,24.9,1155.0
567,2,9.3,541.5
567,3,-14.6,-823.0
567,5,-24.9,-1122.0
568,1,24.4,1176.0
568,2,9.7,567.1
568,3,-24.5,-1028.0
568,5,-25.0,-1131.0
569,1,22.1,1227.0
569,2,9.8,524.3
569,3,-24.4,-1033.0
569,5,-25.0,-1120.0
570,1,20.2,1040.0
570,2,9.6,446.7
570,3,-24.2,-1032.0
570,5,-24.6,-1119.7
571,1,17.8,928.0
571,2,8.1,458.8
571,3,-24.0,-1026.0
571,5,-24.4,-1029.0
572,1,18.0,899.8
572,2,8.0,457.2
572,3,-23.9,-1018.0
572,5,-24.3,-1029.0
573,1,16.8,915.0
573,2,9.6,488.3
573,3,-21.7,-1009.0
573,5,-22.6,-1021.5
574,1,19.5,1054.0
574,2,11.2,576.1
574,3,-23.8,-1020.0
574,5,-22.9,-1025.0
575,1,15.5,795.0
575,2,9.5,521.3
575,3,-23.9,-1007.0
575,5,-24.8,-1202.0
576,1,13.7,739.0
576,2,8.5,467.3
576,3,-23.9,-1017.0
576,5,-24.4,-1062.0
577,1,13.2,690.0
577,2,8.6,480.3
577,3,-23.5,-1004.0
577,5,-24.4,-1030.0
578,1,12.3,657.0
578,2,7.4,426.6
578,3,-24.0,-1024.0
578,5,-24.5,-1046.7
579,1,11.4,616.0
579,2,10.2,584.0
579,3,-23.9,-1024.0
579,5,-14.1,-1044.6
580,1,12.2,650.3
580,2,10.4,604.2
580,3,-23.7,-1020.0
580,5,-17.5,-725.8
581,1,11.9,748.0
581,2,10.6,518.1
581,3,-23.5,-1021.0
581,5,-17.4,-726.9
582,1,10.4,574.0
582,2,11.1,514.0
582,3,-23.8,-1014.0
582,5,-17.2,-734.0
583,1,9.3,512.0
583,2,10.4,516.3
583,3,-23.1,-1018.0
583,5,-17.2,-727.0
584,1,8.6,504.8
584,2,12.7,550.7
584,3,-23.5,-997.0
584,5,-17.2,-734.4
585,1,9.1,560.0
585,2,11.1,622.4
585,3,-23.4,-983.0
585,5,-17.1,-736.4
586,1,8.2,491.9
586,2,12.1,558.2
586,3,-23.4,-984.0
586,5,-16.4,-723.0
587,1,7.9,563.0
587,2,12.0,576.2
587,3,-23.2,-975.0
587,5,-12.2,-511.0
588,1,6.2,407.1
588,2,12.1,563.1
588,3,-23.2,-978.0
588,5,-12.2,-514.0
589,1,7.7,443.5
589,2,10.9,574.8
589,3,-23.1,-986.0
589,5,-12.2,-511.0
590,1,4.2,368.0
590,2,9.7,521.1
590,3,-23.5,-1008.0
590,5,-12.2,-515.0
591,1,4.6,284.0
591,2,9.3,538.4
591,3,-23.8,-1030.0
591,5,-13.5,-741.0
592,1,3.6,277.0
592,2,7.7,509.2
592,3,-23.5,-1002.0
592,5,-17.8,-766.0
593,1,3.2,268.9
593,2,8.1,507.4
593,3,-23.8,-1007.0
593,5,-18.0,-995.0
594,1,3.4,240.0
594,2,7.0,498.3
594,3,-23.9,-1028.0
594,5,-18.1,-767.0
595,1,4.8,267.0
595,2,7.2,396.0
595,3,-23.6,-1029.0
595,5,-13.9,-760.0
596,1,3.4,233.0
596,2,6.5,465.3
596,3,-23.6,-994.0
596,5,-15.7,-766.0
597,1,3.6,224.0
597,2,5.9,462.5
597,3,-23.4,-987.0
597,5,-15.1,-761.7
598,1,0.9,150.3
598,2,4.4,416.0
598,3,-22.9,-990.0
598,5,-17.4,-762.9
599,1,1.0,95.5
599,2,3.8,392.4
599,3,-23.2,-982.0
599,5,-16.4,-762.0
600,1,1.0,138.4
600,2,3.4,388.5
600,3,-23.3,-985.0
600,5,-14.4,-766.0
601,1,0.0,11.0
601,2,3.6,391.7
601,3,-23.2,-975.0
601,5,-13.3,-773.0
602,1,-0.5,-40.0
602,2,5.5,377.6
602,3,-23.2,-973.0
602,5,-13.6,-1141.0
603,1,-1.1,-135.0
603,2,3.4,390.6
603,3,-23.2,-984.0
603,5,-15.9,-1154.0
604,1,-1.1,-56.0
604,2,3.2,354.6
604,3,-23.2,-1001.0
604,5,-12.3,-968.0
605,1,-1.4,-115.6
605,2,2.4,339.3
605,3,-23.5,-995.0
605,5,-14.1,-759.1
606,1,-1.6,-268.0
606,2,2.1,355.1
606,3,-23.5,-1045.0
606,5,-12.7,-952.0
607,1,-1.2,-306.4
607,2,1.5,278.5
607,3,-23.5,-990.0
607,5,-13.3,-996.0
608,1,-2.5,-267.8
608,2,1.9,282.8
608,3,-21.6,-991.0
608,5,-12.1,-715.9
609,1,-2.8,-340.4
609,2,2.2,305.0
609,3,-21.5,-996.0
609,5,-14.2,-767.0
610,1,-3.2,-282.0
610,2,1.1,248.5
610,3,-12.3,-654.0
610,5,-14.4,-766.0
611,1,-3.4,-263.0
611,2,0.0,189.8
611,3,-11.9,-509.0
611,5,-16.4,-769.0
612,1,-3.7,-341.1
612,2,-0.5,-85.2
612,3,-11.5,-508.0
612,5,-9.0,-764.0
613,1,-3.6,-366.6
613,2,-1.1,-218.4
613,3,-11.2,-479.0
613,5,-17.0,-763.0
614,1,-3.6,-424.0
614,2,0.3,56.0
614,3,-11.9,-550.0
614,5,-15.1,-764.0
615,1,-4.4,-445.0
615,2,0.2,58.0
615,3,-12.8,-555.0
615,5,-13.3,-765.0
616,1,-3.9,-442.5
616,2,-0.1,58.0
616,3,-12.8,-550.0
616,5,-13.6,-762.0
617,1,-4.6,-407.0
617,2,-0.2,-159.4
617,3,-12.0,-550.0
617,5,-15.3,-766.2
618,1,-4.8,-510.0
618,2,1.2,-213.6
618,3,-11.6,-497.0
618,5,-15.9,768.9
619,1,-5.4,-561.0
619,2,1.2,225.3
619,3,-11.7,-499.0
619,5,-15.7,766.4
620,1,-5.9,-522.2
620,2,1.2,216.6
620,3,-11.7,-500.0
620,5,-15.9,-766.4
621,1,-7.5,-454.2
621,2,-2.8,-247.0
621,3,-12.5,-561.0
621,5,-13.8,-761.2
622,1,-5.7,-500.0
622,2,1.1,-178.3
622,3,-12.8,-550.0
622,5,-12.0,-717.0
623,1,-5.6,-522.0
623,2,-2.7,-153.0
623,3,-12.8,-547.0
623,5,-13.5,-771.0
624,1,-6.3,-513.1
624,2,-3.2,-255.0
624,3,-12.8,-548.0
624,5,-14.3,-766.0
625,1,-6.2,-432.4
625,2,-3.7,-224.0
625,3,-13.8,-812.0
625,5,-13.1,-769.0
626,1,-6.1,-414.0
626,2,2.4,-263.0
626,3,-21.9,-992.0
626,5,-13.9,-771.0
627,1,-6.3,-497.0
627,2,2.5,292.0
627,3,-21.7,-984.0
627,5,-12.3,-769.0
628,1,-6.5,-371.8
628,2,-4.6,-300.0
628,3,-21.8,-982.0
628,5,-13.1,-766.9
629,1,-8.4,-474.0
629,2,-5.0,-331.0
629,3,-20.0,-992.0
629,5,-11.9,-669.3
630,1,-7.2,-507.3
630,2,-5.5,-357.9
630,3,-20.9,-974.0
630,5,-12.4,-748.3
631,1,-7.0,-564.0
631,2,-5.8,-538.4
631,3,-21.7,-1016.0
631,5,-14.9,-768.0
632,1,-7.1,-503.0
632,2,-6.2,-549.3
632,3,-21.9,-1020.0
632,5,-16.4,-775.0
633,1,-7.5,-572.0
633,2,-5.5,-450.1
633,3,-22.4,-1039.0
633,5,-15.7,-769.0
634,1,-7.9,-554.0
634,2,-1.2,-353.6
634,3,-22.2,-1009.0
634,5,-14.0,-771.0
635,1,-8.2,-541.0
635,2,-3.9,-421.7
635,3,-22.3,-1003.0
635,5,-14.0,-763.0
636,1,-6.8,-601.8
636,2,-4.0,-351.7
636,3,-20.3,-998.0
636,5,-11.3,-612.3
637,1,-9.4,-532.3
637,2,-4.5,-292.0
637,3,-21.3,-986.0
637,5,-11.8,-762.7
638,1,-8.8,-691.2
638,2,-2.2,-154.1
638,3,-22.0,-990.0
638,5,-13.8,-766.0
639,1,-3.7,-473.5
639,2,-6.1,-475.7
639,3,-20.7,-989.0
639,5,-13.7,-769.0
640,1,-4.9,-421.0
640,2,-6.2,-446.9
640,3,-20.6,-1003.0
640,5,-14.4,-768.0
641,1,-4.4,-412.4
641,2,-6.3,-480.6
641,3,-19.2,-999.0
641,5,-12.8,-767.0
642,1,-6.1,-573.0
642,2,-5.7,-387.0
642,3,-19.9,-999.0
642,5,-13.6,-765.2
643,1,-4.3,-399.0
643,2,-6.9,-483.0
643,3,-20.8,-1006.0
643,5,-15.1,-767.6
644,1,-4.2,-442.0
644,2,-6.3,-481.2
644,3,-20.7,-1003.0
644,5,-13.7,-768.0
645,1,-5.0,-400.8
645,2,-7.5,-526.0
645,3,-21.0,-998.0
645,5,-13.5,-761.0
646,1,-4.9,-433.0
646,2,-7.7,-543.0
646,3,-22.3,-1028.0
646,5,-14.6,-764.0
647,1,-5.0,-450.0
647,2,-7.6,-542.6
647,3,-22.2,-1036.0
647,5,-12.3,-768.0
648,1,-3.6,-341.0
648,2,-6.6,-467.3
648,3,-20.5,-993.0
648,5,-12.6,-761.0
649,1,-4.8,-381.0
649,2,-7.1,-449.0
649,3,-21.2,-991.0
649,5,-13.4,-762.0
650,1,-4.3,-358.0
650,2,-7.6,-496.4
650,3,-21.8,-993.0
650,5,-15.8,-767.3
651,1,-4.1,-319.7
651,2,-6.7,-454.2
651,3,-22.2,-996.0
651,5,-15.9,-766.2
652,1,-3.9,-288.0
652,2,-7.9,-435.4
652,3,-22.4,-996.0
652,5,-14.5,-761.0
653,1,-4.7,-410.0
653,2,-7.2,-430.2
653,3,-22.3,-999.0
653,5,-11.5,-730.0
654,1,-4.7,-381.7
654,2,-8.3,-486.4
654,3,-22.5,-998.0
654,5,0.1,50.9
655,1,-4.5,-335.0
655,2,-8.2,-482.2
655,3,-21.2,-1001.0
655,5,-11.1,-659.8
656,1,-5.0,-346.4
656,2,-8.7,-497.0
656,3,-21.8,-1032.0
656,5,-12.0,-768.0
657,1,-4.5,-140.2
657,2,-10.6,-580.9
657,3,-22.5,-1028.0
657,5,-12.2,-711.0
658,1,-4.8,-280.0
658,2,-8.7,-486.8
658,3,-22.7,-1037.0
658,5,-12.4,-746.6
659,1,-5.3,-331.0
659,2,-8.7,-612.0
659,3,-22.9,-1006.0
659,5,-13.6,-766.6
660,1,-6.1,-454.0
660,2,-8.5,-630.0
660,3,-22.8,-1012.0
660,5,-13.5,-763.0
661,1,-4.5,-299.0
661,2,-9.0,-571.0
661,3,-22.4,-997.0
661,5,-15.1,-767.0
662,1,-5.1,-440.0
662,2,-10.7,-628.5
662,3,-21.8,-1007.0
662,5,-12.4,-758.0
663,1,-6.2,-492.0
663,2,-9.9,-560.4
663,3,-22.0,-1002.0
663,5,-14.1,-818.0
664,1,-6.1,-483.5
664,2,-9.1,155.7
664,3,-22.9,-1013.0
664,5,-14.1,-759.0
665,1,-6.4,-422.0
665,2,-10.2,-569.6
665,3,-23.0,-1013.0
665,5,-14.4,-772.0
666,1,-6.6,-514.0
666,2,-9.3,-543.0
666,3,-22.5,-1018.0
666,5,-14.8,-765.9
667,1,-6.7,-481.0
667,2,-2.3,-83.1
667,3,-23.1,-1016.0
667,5,-14.7,-807.0
668,1,-7.0,-426.5
668,2,-9.3,-531.0
668,3,-21.9,-1020.0
668,5,-14.8,-770.0
669,1,-6.6,-524.0
669,2,-10.3,-589.9
669,3,-20.8,-1020.0
669,5,-14.8,-764.0
670,1,-7.0,-518.0
670,2,-9.4,-594.0
670,3,-21.2,-1005.0
670,5,-15.4,-744.0
671,1,-6.9,-514.3
671,2,-10.5,-607.2
671,3,-21.6,-1003.0
671,5,-16.3,-763.0
672,1,-7.3,-684.8
672,2,-11.3,-582.7
672,3,-22.1,-1018.0
672,5,-15.3,-1150.0
673,1,-7.4,-490.6
673,2,-10.9,-943.7
673,3,-22.0,-1011.0
673,5,-16.0,-1148.0
674,1,-7.5,-558.0
674,2,-9.7,-578.9
674,3,-21.7,-986.0
674,5,-15.9,-1150.9
675,1,-7.7,-522.0
675,2,-11.3,-599.9
675,3,-21.7,-990.0
675,5,-16.6,-1152.5
676,1,-7.4,-509.0
676,2,-11.5,-624.9
676,3,-21.2,-998.0
676,5,-16.3,-1149.1
677,1,-7.8,-537.0
677,2,-10.8,-602.3
677,3,-22.2,-999.0
677,5,-15.7,-824.0
678,1,-8.4,-641.0
678,2,-11.5,-611.0
678,3,-22.9,-1004.0
678,5,-16.0,-770.0
679,1,-8.3,-451.0
679,2,-11.3,-641.1
679,3,-22.5,-992.0
679,5,-16.3,-762.0
680,1,-7.9,-557.0
680,2,-11.6,-653.9
680,3,-22.6,-998.0
680,5,-15.5,-766.0
681,1,-8.5,-487.4
681,2,-12.0,-603.1
681,3,-23.2,-1047.0
681,5,-17.2,-770.0
682,1,-8.2,-571.5
682,2,-11.5,-749.6
682,3,-23.4,-1025.0
682,5,-17.0,-767.0
683,1,-7.9,-584.9
683,2,-12.3,-701.3
683,3,-22.9,-1004.0
683,5,-17.5,-763.8
684,1,-7.8,-531.6
684,2,-12.4,-648.6
684,3,-22.3,-1002.0
684,5,-14.5,-765.1
685,1,-7.8,-555.0
685,2,-10.2,-691.3
685,3,-23.2,-1022.0
685,5,-16.2,-769.0
686,1,-6.8,-542.3
686,2,-13.3,-735.2
686,3,-23.1,-1022.0
686,5,-17.6,-771.0
687,1,-7.7,-700.0
687,2,-12.8,-782.5
687,3,-23.3,-1033.0
687,5,-17.7,-764.0
688,1,-9.1,-500.6
688,2,-13.1,-702.7
688,3,-24.2,-1034.0
688,5,-18.2,-767.6
689,1,-8.5,-520.0
689,2,-13.1,327.0
689,3,-24.2,-1039.0
689,5,-18.2,-765.8
690,1,-10.5,-522.7
690,2,-13.4,-695.0
690,3,-23.2,-1018.0
690,5,-17.6,-768.5
691,1,-7.9,-476.0
691,2,-10.8,-641.5
691,3,-22.7,-1023.0
691,5,-16.8,-768.4
692,1,-7.9,-459.0
692,2,-12.9,-679.0
692,3,-23.9,-1020.0
692,5,-17.6,-767.0
693,1,-7.2,-375.0
693,2,-12.8,-745.2
693,3,-24.0,-1024.0
693,5,-17.2,-771.0
694,1,-6.6,-578.0
694,2,-13.4,-735.9
694,3,-23.9,-1028.0
694,5,-17.5,-764.0
695,1,-7.0,-551.0
695,2,-10.6,-567.4
695,3,-23.8,-1027.0
695,5,-8.2,-760.6
696,1,-7.4,-602.0
696,2,-12.2,-627.0
696,3,-24.1,-1032.0
696,5,-16.7,-766.0
697,1,-6.4,-490.0
697,2,-11.5,-620.0
697,3,-18.4,-1022.0
697,5,-17.6,-765.0
698,1,-6.2,-448.0
698,2,-10.2,-510.1
698,3,-24.1,-1035.0
698,5,-15.9,-763.3
699,1,-5.5,-516.0
699,2,-11.5,-661.9
699,3,-24.2,-1042.0
699,5,-19.2,-1372.4
700,1,-5.0,-426.0
700,2,-11.9,-693.3
700,3,-24.0,-1055.0
700,5,-28.0,-1374.0
701,1,-4.6,-431.0
701,2,-12.5,-711.8
701,3,-23.6,-1005.0
701,5,-20.8,-1121.0
702,1,-5.0,-517.0
702,2,-13.1,-722.8
702,3,-23.7,-1007.0
702,5,-21.1,-1127.0
703,1,-5.5,-478.0
703,2,-13.4,-753.7
703,3,-23.6,-1003.0
703,5,-21.4,-1219.0
704,1,-5.7,-474.0
704,2,-12.7,-704.0
704,3,-23.4,-1000.0
704,5,-19.8,-924.0
705,1,-6.3,-547.0
705,2,-11.2,-685.0
705,3,-23.4,-997.0
705,5,-22.7,-1283.0
706,1,-6.4,-483.2
706,2,-12.36,-662.0
706,3,-23.7,-1014.0
706,5,-25.1,-1368.0
707,1,-6.5,-543.0
707,2,-13.7,-733.3
707,3,-23.8,-1012.0
707,5,-25.8,-1371.6
708,1,-6.4,-502.4
708,2,-13.6,-764.8
708,3,-23.8,-1013.0
708,5,-28.1,-1372.0
709,1,-5.1,-440.0
709,2,-12.1,-731.1
709,3,-23.7,-1018.0
709,5,-28.0,-1384.0
710,1,-4.4,-588.0
710,2,-9.6,-538.3
710,3,-23.8,-1016.0
710,5,-28.6,-1367.6
711,1,-2.6,-320.8
711,2,-4.5,-280.3
711,3,-23.9,-1025.0
711,5,-29.4,-1372.3
712,1,-5.9,-453.1
712,2,-6.3,-427.3
712,3,-23.9,-1024.0
712,5,-29.9,-1370.7
713,1,-4.5,-380.9
713,2,-10.3,-750.0
713,3,-24.0,-1028.0
713,5,-31.3,-1383.7
714,1,-2.3,-344.0
714,2,-10.3,-748.4
714,3,-23.9,-1015.0
714,5,-27.6,-1376.1
715,1,-3.1,-239.0
715,2,-12.3,-784.0
715,3,-23.8,-1017.0
715,5,-28.0,-1521.7
716,1,-4.1,-353.0
716,2,-11.5,-884.9
716,3,-23.7,-1006.0
716,5,-28.6,-1376.0
717,1,-3.9,-386.6
717,2,-12.3,-884.4
717,3,-23.5,-1007.0
717,5,-29.6,-1368.0
718,1,-4.9,-373.0
718,2,-12.8,-926.4
718,3,-23.5,-1006.0
718,5,-21.7,-1264.0
719,1,-4.8,-507.0
719,2,-11.6,-747.0
719,3,-23.4,-1001.0
719,5,-21.8,-1356.0
720,1,-3.8,-372.3
720,2,-10.96,-820.0
720,3,-23.6,-1009.0
720,5,-22.1,-1082.0
721,1,-5.7,-538.0
721,2,-12.59,-866.0
721,3,-23.8,-1016.0
721,5,-24.5,-1324.0
722,1,-6.6,-458.0
722,2,-12.3,-855.6
722,3,-23.9,-1022.0
722,5,-24.3,-1373.3
723,1,-6.2,-400.0
723,2,-10.9,-966.9
723,3,-23.4,-1009.0
723,5,-25.8,-1373.2
724,1,-3.8,-243.0
724,2,-12.3,-836.1
724,3,-23.3,-988.0
724,5,-31.0,-1580.0
725,1,-2.7,-235.9
725,2,-12.8,-834.5
725,3,-23.2,-976.0
725,5,-29.6,-1380.0
726,1,-4.6,-345.0
726,2,-11.7,-773.3
726,3,-22.9,-984.0
726,5,-27.9,-1376.0
727,1,-2.8,-342.0
727,2,-12.9,-862.1
727,3,-22.9,-972.0
727,5,-23.0,-1368.0
728,1,-2.1,-273.6
728,2,-11.3,-899.3
728,3,-22.7,-969.0
728,5,-20.4,-1015.0
729,1,-2.7,-128.0
729,2,-13.5,-898.0
729,3,-22.7,-963.0
729,5,-22.6,-1374.0
730,1,-3.8,-386.0
730,2,-13.4,-894.0
730,3,-22.5,-959.0
730,5,-26.7,-1366.7
731,1,-4.2,-457.0
731,2,-12.8,-869.7
731,3,-22.3,-951.0
731,5,-28.9,-1391.3
732,1,-3.0,-407.3
732,2,-12.5,-911.1
732,3,-22.4,-976.0
732,5,-26.3,-1370.7
733,1,-4.4,-441.0
733,2,-12.4,-738.4
733,3,-23.0,-975.0
733,5,-28.5,-1383.0
734,1,-6.3,-601.0
734,2,-13.5,-841.2
734,3,-23.2,-994.0
734,5,-30.8,-1377.0
735,1,-5.9,-592.0
735,2,-14.6,-927.7
735,3,-23.0,-982.0
735,5,-26.9,-1375.0
736,1,-6.1,-541.0
736,2,-15.1,-864.6
736,3,-23.1,-981.0
736,5,-23.2,-1379.0
737,1,-5.6,-525.0
737,2,-13.5,-870.4
737,3,-23.1,-988.0
737,5,-18.0,-763.0
738,1,-4.3,-410.0
738,2,-8.6,-582.7
738,3,-23.3,-998.0
738,5,-18.0,-766.2
739,1,-0.5,-264.0
739,2,-9.3,-862.8
739,3,-22.9,-973.0
739,5,-14.4,-764.7
740,1,-1.9,-402.2
740,2,-10.1,-708.0
740,3,-22.9,-980.0
740,5,-1.9,-741.0
741,1,0.7,390.0
741,2,-12.6,-761.5
741,3,-23.0,-975.0
741,5,-16.8,-770.0
742,1,-3.0,-275.0
742,2,-9.8,-633.4
742,3,-22.9,-985.0
742,5,-17.8,-772.0
743,1,-5.3,-429.0
743,2,-12.8,-792.0
743,3,-22.9,-981.0
743,5,-20.1,-1381.0
744,1,-5.7,-521.0
744,2,-6.6,-347.5
744,3,-22.5,-956.0
744,5,-29.4,-1377.0
745,1,-5.2,-564.0
745,2,-11.9,-688.0
745,3,-22.0,-936.0
745,5,-22.3,-1230.1
746,1,-4.5,-225.0
746,2,-5.4,-248.3
746,3,-23.6,-1018.0
746,5,-20.3,-982.0
747,1,-0.4,-60.0
747,2,-3.6,-137.6
747,3,-24.0,-1028.0
747,5,-23.8,-1384.1
748,1,1.6,354.0
748,2,-13.3,-801.1
748,3,-24.3,-1037.0
748,5,-28.8,-1374.0
749,1,0.4,-183.0
749,2,-13.5,-830.0
749,3,-23.6,-1023.0
749,5,-30.7,-1384.0
750,1,0.3,-11.0
750,2,-12.4,-865.3
750,3,-22.8,-1021.0
750,5,-31.8,-1376.0
751,1,12.3,888.0
751,2,-11.8,-902.6
751,3,-22.6,-982.0
751,5,-32.1,-1385.0
752,1,2.6,190.0
752,2,-12.1,-932.5
752,3,-22.8,-987.0
752,5,-32.6,-1375.9
753,1,2.6,316.0
753,2,-13.4,-969.9
753,3,-22.2,-991.0
753,5,-32.1,-1388.6
754,1,0.3,143.0
754,2,-12.3,-910.8
754,3,-20.9,-982.0
754,5,-32.2,-1389.1
755,1,1.2,220.0
755,2,-14.3,-909.8
755,3,-23.3,-988.0
755,5,-32.4,-1394.0
756,1,1.5,234.0
756,2,-8.9,-660.5
756,3,-22.7,-989.0
756,5,-30.3,-1583.0
757,1,1.2,255.0
757,2,-11.6,-775.4
757,3,-22.3,-988.0
757,5,-25.5,-1581.0
758,1,2.4,255.0
758,2,-13.1,-789.1
758,3,-22.3,-988.0
758,5,-28.0,-1370.9
759,1,8.9,631.0
759,2,-8.5,-549.2
759,3,-23.0,-977.0
759,5,-21.1,-1378.4
760,1,5.3,364.8
760,2,-12.0,-736.0
760,3,-23.0,-979.0
760,5,-21.8,-1225.0
761,1,4.1,505.0
761,2,-11.4,235.8
761,3,-22.9,-983.0
761,5,-23.9,-1380.0
762,1,3.3,359.0
762,2,-10.0,-593.9
762,3,-23.3,-986.0
762,5,-29.2,-1376.0
763,1,7.7,428.0
763,2,-10.6,-707.1
763,3,-23.0,-990.0
763,5,-28.5,-1370.6
764,1,5.3,310.0
764,2,-9.4,-605.6
764,3,-23.2,-989.0
764,5,-27.3,-1379.0
765,1,4.2,298.0
765,2,-11.3,-764.8
765,3,-23.3,-992.0
765,5,-27.8,-1374.0
766,1,3.7,315.0
766,2,-13.0,-792.6
766,3,-23.5,-992.0
766,5,-31.4,-1387.0
767,1,4.1,518.0
767,2,-12.6,-877.8
767,3,-23.2,-994.0
767,5,-30.7,-1386.0
768,1,4.5,563.0
768,2,-12.3,-793.0
768,3,-23.0,-1000.0
768,5,-32.7,-1381.0
769,1,7.8,506.0
769,2,-11.5,-740.0
769,3,-23.4,-996.0
769,5,-33.2,-1465.0
770,1,6.8,418.5
770,2,-10.2,-766.1
770,3,-22.7,-996.0
770,5,-32.5,-1477.4
771,1,19.5,1232.9
771,2,-11.0,-740.9
771,3,-23.3,-1001.0
771,5,-34.7,-1470.4
772,1,21.9,955.0
772,2,-12.1,-329.0
772,3,-23.2,-998.0
772,5,-34.04,-1473.0
773,1,22.7,1277.0
773,2,-11.0,-806.5
773,3,-23.4,-1000.0
773,5,-33.9,-1476.0
774,1,28.8,1433.0
774,2,-5.5,-682.4
774,3,-23.1,-983.0
774,5,-30.9,-1468.0
775,1,22.4,1348.0
775,2,-1.9,40.4
775,3,-23.3,-1002.0
775,5,-22.6,-1423.0
776,1,15.0,868.0
776,2,-5.2,-442.2
776,3,-23.2,-982.0
776,5,-24.8,-1420.0
777,1,12.8,776.0
777,2,-3.9,-3.4
777,3,-23.3,-986.0
777,5,-24.9,-1423.0
778,1,18.6,1064.9
778,2,-1.6,51.4
778,3,-24.0,-990.0
778,5,-25.2,-1414.0
779,1,22.6,1283.9
779,2,0.3,233.8
779,3,-23.3,-1018.0
779,5,-26.6,-1322.8
780,1,23.8,1556.0
780,2,-2.1,-435.7
780,3,-23.3,-1000.0
780,5,-25.7,-1468.0
781,1,19.6,951.0
781,2,-6.5,-531.5
781,3,-23.0,-1004.0
781,5,-26.9,-1465.0
782,1,18.7,1125.0
782,2,-1.1,26.2
782,3,-23.0,-992.0
782,5,-28.3,-1476.0
783,1,19.1,1198.0
783,2,-4.8,-649.9
783,3,-23.3,-989.0
783,5,-31.0,-1472.0
784,1,19.3,1041.0
784,2,-3.6,-518.0
784,3,-19.0,-1000.0
784,5,-32.2,-1469.0
785,1,32.9,1931.0
785,2,1.1,230.0
785,3,-22.8,-1000.0
785,5,-27.6,-1165.0
786,1,33.3,1935.0
786,2,0.1,99.7
786,3,-23.3,-986.0
786,5,-24.5,-1140.2
787,1,34.8,1886.8
787,2,0.8,265.0
787,3,-22.9,-996.0
787,5,-22.0,-1111.8
788,1,52.0,2525.0
788,2,3.0,117.0
788,3,-18.1,-980.0
788,5,-21.4,-1027.0
789,1,50.1,2607.0
789,2,4.1,386.0
789,3,-21.8,-985.0
789,5,-24.0,-1228.0
790,1,41.5,2153.0
790,2,1.6,267.9
790,3,-23.2,-983.0
790,5,-25.9,-1847.0
791,1,35.6,1941.9
791,2,1.7,266.4
791,3,-23.3,-988.0
791,5,-25.2,-1912.0
792,1,28.8,1543.0
792,2,-2.1,116.7
792,3,-20.6,-962.0
792,5,-23.9,-1794.0
793,1,28.6,1355.0
793,2,-0.8,-78.4
793,3,-20.5,-900.0
793,5,-25.6,-1431.0
794,1,25.6,1301.0
794,2,-0.8,74.3
794,3,-20.6,-881.0
794,5,-22.4,-1420.8
795,1,29.8,1537.0
795,2,-2.6,59.5
795,3,-20.6,-916.0
795,5,-20.4,-936.9
796,1,23.2,1257.0
796,2,-1.3,103.7
796,3,-18.4,-920.0
796,5,-14.3,-897.0
797,1,21.0,1236.0
797,2,-3.0,99.5
797,3,-19.1,-973.0
797,5,-11.6,-681.0
798,1,19.4,961.0
798,2,-5.3,-604.9
798,3,-23.4,-994.0
798,5,-13.9,-1015.0
799,1,16.2,869.0
799,2,-4.3,407.3
799,3,-23.3,-994.0
799,5,-14.3,-767.0
800,1,16.0,857.0
800,2,-1.7,98.2
800,3,-22.7,-994.0
800,5,-14.7,-763.6
801,1,18.4,1009.0
801,2,3.0,402.0
801,3,-22.2,-957.0
801,5,-15.6,-762.0
802,1,16.8,943.0
802,2,4.2,321.4
802,3,-19.5,-941.0
802,5,-17.6,-765.7
803,1,17.3,960.8
803,2,5.7,418.3
803,3,-21.5,-942.0
803,5,-22.6,-1465.0
804,1,24.5,1685.0
804,2,8.2,627.7
804,3,-23.2,-1010.0
804,5,-31.9,-1459.0
805,1,34.9,1662.0
805,2,12.0,666.1
805,3,-23.9,-1027.0
805,5,-28.5,-1455.0
806,1,43.1,2143.0
806,2,12.6,719.8
806,3,-20.2,-1027.0
806,5,-27.8,-1471.0
807,1,49.4,2197.0
807,2,13.3,708.7
807,3,-22.1,-1019.0
807,5,-29.0,-1468.0
808,1,54.7,2604.0
808,2,15.2,742.0
808,3,-24.3,-1025.0
808,5,-32.4,-1458.8
809,1,57.9,2597.0
809,2,16.6,730.0
809,3,-24.5,-1030.0
809,5,31.5,1468.7
810,1,58.9,2669.0
810,2,15.8,779.4
810,3,-23.9,-1035.0
810,5,-31.7,-1460.0
811,1,58.2,2642.2
811,2,12.8,685.8
811,3,-23.3,-981.0
811,5,-32.5,-1467.0
812,1,51.5,2594.0
812,2,15.7,776.7
812,3,-23.4,-988.0
812,5,-28.3,-1442.0
813,1,57.2,2590.0
813,2,16.2,765.2
813,3,-18.8,-985.0
813,5,-30.0,-1479.0
814,1,58.0,2611.0
814,2,16.1,733.7
814,3,-12.7,-551.0
814,5,-32.1,-1476.0
815,1,52.9,2562.4
815,2,15.1,697.8
815,3,-12.7,-566.0
815,5,-33.2,-1466.6
816,1,50.2,2412.0
816,2,14.2,681.3
816,3,-21.1,-1028.0
816,5,-26.2,-1454.0
817,1,55.5,2523.0
817,2,14.7,-419.5
817,3,-24.3,-1023.0
817,5,-26.2,-1441.0
818,1,51.6,2517.0
818,2,16.5,787.1
818,3,-24.6,-1040.0
818,5,-28.3,-1446.2
819,1,51.6,2437.6
819,2,16.3,731.8
819,3,-24.6,-1036.0
819,5,-28.5,-1559.2
820,1,50.9,2331.0
820,2,17.2,833.2
820,3,-24.3,-1039.0
820,5,-30.8,-1463.0
821,1,56.5,2434.0
821,2,16.3,857.4
821,3,-23.9,-1028.0
821,5,-32.9,-1465.0
822,1,53.9,2509.0
822,2,14.6,782.5
822,3,-23.7,-999.0
822,5,-31.9,-1466.0
823,1,44.5,2412.0
823,2,15.7,771.8
823,3,-23.6,-1012.0
823,5,-25.6,-1419.1
824,1,55.7,2526.0
824,2,16.9,797.7
824,3,-23.7,-1001.0
824,5,-25.4,-1289.0
825,1,53.7,2368.0
825,2,16.2,846.3
825,3,-23.7,-999.0
825,5,-26.5,-1252.0
826,1,47.7,2457.0
826,2,15.6,707.8
826,3,-23.6,-1000.0
826,5,-27.9,-1417.2
827,1,45.3,2192.0
827,2,14.4,730.1
827,3,-23.4,-995.0
827,5,-24.0,-1204.8
828,1,45.5,2188.0
828,2,14.4,808.0
828,3,-23.6,-1006.0
828,5,-22.2,-1063.0
829,1,45.2,2186.0
829,2,9.0,658.5
829,3,-22.9,-1006.0
829,5,-21.7,-1060.0
